Employee_ID,Age,Gender,Department,Job_Role,Education,Marital_Status,Job_Level,Years_At_Company,Years_In_Industry,Monthly_Salary,Job_Satisfaction,Work_Life_Balance,Performance_Score,Training_Hours,Distance_From_Home_KM,Overtime,Attrition,Tenure_Band,Salary_Quartile,Performance_Category,Attrition_Flag
EMP10001,32,Female,Sales,Sales Executive,PhD,Married,2,4.2,3.0,68000.0,3.3,2.9,3.8,2,24.3,No,No,3-5 Years,Q2,Good,0
EMP10002,36,Female,Research & Development,Research Scientist,Bachelor's,Married,2,4.9,5.3,62800.0,3.3,4.1,1.9,3,13.0,No,No,3-5 Years,Q2,Low,0
EMP10003,20,Female,Human Resources,Recruiter,Bachelor's,Married,4,6.2,5.3,86800.0,3.5,1.5,3.0,4,7.3,No,No,5-10 Years,Q3,Average,0
EMP10004,36,Male,Sales,Sales Executive,High School,Single,2,2.2,4.6,52300.0,3.3,3.9,3.0,2,1.1,Yes,No,1-3 Years,Q1,Average,0
EMP10005,27,Male,IT,IT Support,Master's,Single,2,3.9,6.8,64800.0,4.3,4.3,3.8,2,10.0,No,No,3-5 Years,Q2,Good,0
EMP10006,29,Male,Human Resources,HR Manager,Bachelor's,Single,1,2.2,3.8,50700.0,3.0,4.2,1.7,4,9.1,No,No,1-3 Years,Q1,Low,0
EMP10007,39,Female,Sales,Sales Executive,Master's,Single,1,1.7,1.8,32900.0,3.1,4.0,3.2,3,8.2,Yes,No,1-3 Years,Q1,Good,0
EMP10008,41,Male,Human Resources,HR Manager,Bachelor's,Married,1,3.4,4.0,59300.0,5.0,3.5,3.4,2,9.8,No,No,3-5 Years,Q2,Good,0
EMP10009,40,Female,IT,Systems Analyst,Bachelor's,Married,2,6.4,11.3,64400.0,1.6,3.7,1.7,5,8.3,No,No,5-10 Years,Q2,Low,0
EMP10010,32,Male,Marketing,Marketing Analyst,Master's,Single,1,3.5,4.8,46100.0,3.5,2.3,2.6,3,7.3,No,No,3-5 Years,Q1,Average,0
EMP10011,32,Female,Research & Development,Laboratory Technician,PhD,Single,2,2.4,7.4,76400.0,2.5,3.7,5.0,5,5.0,Yes,No,1-3 Years,Q3,Excellent,0
EMP10012,39,Female,Research & Development,Research Scientist,Bachelor's,Single,3,6.8,11.3,87400.0,3.0,2.8,3.6,2,10.9,Yes,No,5-10 Years,Q3,Good,0
EMP10013,33,Female,Research & Development,Research Scientist,Bachelor's,Married,3,2.2,3.1,79100.0,3.0,2.7,3.9,2,7.3,No,No,1-3 Years,Q3,Good,0
EMP10014,25,Female,Marketing,Marketing Analyst,High School,Single,2,2.8,2.8,74000.0,4.8,2.4,3.9,1,3.3,No,No,1-3 Years,Q3,Good,0
EMP10015,44,Female,Sales,Sales Manager,Bachelor's,Single,4,7.5,10.4,100200.0,3.3,3.6,4.5,3,10.6,Yes,No,5-10 Years,Q4,Excellent,0
EMP10016,31,Female,Research & Development,Laboratory Technician,Bachelor's,Single,2,3.2,4.7,62600.0,3.0,2.4,3.1,3,3.5,No,No,3-5 Years,Q2,Good,0
EMP10017,22,Male,IT,IT Manager,Bachelor's,Single,4,12.1,11.9,100700.0,2.9,2.9,3.6,4,3.7,No,No,10+ Years,Q4,Good,0
EMP10018,22,Female,Research & Development,R&D Manager,Bachelor's,Married,2,6.3,6.4,59600.0,4.4,2.3,2.9,2,5.5,No,No,5-10 Years,Q2,Average,0
EMP10019,33,Male,Finance,Accountant,Bachelor's,Married,1,2.9,5.1,50100.0,3.1,3.2,3.1,1,8.6,No,No,1-3 Years,Q1,Good,0
EMP10020,44,Female,Human Resources,HR Specialist,Bachelor's,Divorced,1,6.2,5.2,47200.0,2.7,3.3,2.7,4,7.2,No,No,5-10 Years,Q1,Average,0
EMP10021,45,Male,Sales,Sales Representative,Master's,Single,3,3.0,3.4,78400.0,3.0,2.4,4.3,2,1.5,No,Yes,1-3 Years,Q3,Excellent,1
EMP10022,40,Female,Sales,Sales Representative,High School,Married,3,5.6,8.9,77600.0,3.1,3.9,3.2,1,3.8,Yes,No,5-10 Years,Q3,Good,0
EMP10023,25,Female,Research & Development,Laboratory Technician,Master's,Divorced,3,3.5,6.5,74700.0,3.9,3.7,3.4,3,5.5,No,No,3-5 Years,Q3,Good,0
EMP10024,36,Female,IT,Software Engineer,Bachelor's,Single,4,5.8,7.3,90200.0,3.3,3.6,2.9,3,6.8,No,No,5-10 Years,Q4,Average,0
EMP10025,45,Male,Research & Development,Laboratory Technician,Bachelor's,Single,1,5.8,10.3,59800.0,4.3,3.1,3.3,3,24.9,No,No,5-10 Years,Q2,Good,0
EMP10026,26,Male,Human Resources,HR Manager,Bachelor's,Married,4,8.5,11.4,111200.0,3.3,2.8,3.8,3,6.8,No,No,5-10 Years,Q4,Good,0
EMP10027,33,Male,Sales,Sales Executive,Bachelor's,Married,3,8.9,13.2,94900.0,2.3,3.4,3.4,3,7.1,Yes,No,5-10 Years,Q4,Good,0
EMP10028,31,Male,Sales,Sales Representative,Bachelor's,Married,3,2.2,4.1,88000.0,1.4,2.4,2.7,3,5.3,Yes,No,1-3 Years,Q4,Average,0
EMP10029,53,Female,IT,Software Engineer,Master's,Married,2,4.9,9.8,57400.0,3.0,3.9,3.5,1,8.1,No,No,3-5 Years,Q2,Good,0
EMP10030,45,Female,Finance,Finance Manager,Bachelor's,Married,5,14.8,16.4,140300.0,3.3,3.6,3.1,5,14.7,Yes,No,10+ Years,Q4,Good,0
EMP10031,40,Male,Marketing,Marketing Manager,Master's,Single,4,8.3,10.8,104300.0,1.9,2.0,2.5,3,4.7,No,Yes,5-10 Years,Q4,Average,1
EMP10032,50,Male,Finance,Finance Manager,PhD,Married,4,10.1,10.2,102600.0,3.4,4.5,2.2,2,12.3,Yes,No,10+ Years,Q4,Average,0
EMP10033,38,Male,IT,IT Support,Master's,Single,3,5.6,9.9,80300.0,3.6,3.9,4.0,2,8.5,No,No,5-10 Years,Q3,Good,0
EMP10034,37,Female,Research & Development,Research Scientist,Bachelor's,Single,3,2.1,1.2,71300.0,3.0,2.6,2.5,2,11.6,No,No,1-3 Years,Q3,Average,0
EMP10035,49,Male,Research & Development,Research Scientist,Bachelor's,Married,2,3.8,6.2,59900.0,2.7,3.2,3.7,3,3.8,No,No,3-5 Years,Q2,Good,0
EMP10036,34,Female,IT,IT Manager,Bachelor's,Single,5,15.5,15.0,136900.0,3.3,4.1,3.1,0,4.0,Yes,No,10+ Years,Q4,Good,0
EMP10037,24,Male,IT,Systems Analyst,Master's,Single,4,5.2,9.2,103100.0,2.6,3.1,4.3,2,14.0,No,No,5-10 Years,Q4,Excellent,0
EMP10038,45,Female,IT,Systems Analyst,Bachelor's,Single,4,8.7,11.5,98000.0,3.9,5.0,2.3,4,11.4,Yes,No,5-10 Years,Q4,Average,0
EMP10039,32,Female,Sales,Sales Executive,Master's,Married,4,5.6,8.0,95000.0,4.1,2.2,3.5,1,4.7,No,No,5-10 Years,Q4,Good,0
EMP10040,47,Male,Research & Development,R&D Manager,PhD,Single,1,1.0,3.9,50700.0,3.0,2.5,3.0,5,15.1,No,Yes,<1 Year,Q1,Average,1
EMP10041,20,Male,Human Resources,HR Manager,Bachelor's,Single,2,5.0,6.8,66900.0,4.9,3.8,2.9,2,10.3,No,No,3-5 Years,Q2,Average,0
EMP10042,44,Male,Research & Development,Laboratory Technician,Master's,Single,4,9.0,7.0,94000.0,1.5,3.1,3.9,4,8.6,No,No,5-10 Years,Q4,Good,0
EMP10043,38,Male,Sales,Sales Manager,PhD,Married,1,0.7,7.1,46300.0,4.7,2.6,3.2,2,24.7,Yes,No,<1 Year,Q1,Good,0
EMP10044,32,Male,Research & Development,Research Scientist,Master's,Single,2,4.4,8.1,64000.0,1.8,4.1,3.9,3,6.2,No,No,3-5 Years,Q2,Good,0
EMP10045,33,Male,Sales,Sales Executive,Bachelor's,Single,3,2.9,1.5,77700.0,2.8,3.6,3.0,6,6.7,No,No,1-3 Years,Q3,Average,0
EMP10046,40,Male,Sales,Sales Representative,Bachelor's,Married,3,2.6,2.8,75100.0,2.2,2.0,2.5,2,10.7,No,No,1-3 Years,Q3,Average,0
EMP10047,34,Male,Finance,Accountant,Bachelor's,Married,1,1.2,4.2,37300.0,3.0,3.8,3.2,3,5.5,Yes,No,1-3 Years,Q1,Good,0
EMP10048,38,Male,Finance,Accountant,Bachelor's,Single,2,1.9,3.3,59500.0,2.8,3.4,3.4,4,1.7,No,Yes,1-3 Years,Q2,Good,1
EMP10049,34,Female,Marketing,Marketing Specialist,Bachelor's,Married,3,7.8,9.7,84100.0,3.0,1.8,3.9,2,4.8,Yes,No,5-10 Years,Q3,Good,0
EMP10050,36,Male,Sales,Sales Manager,Bachelor's,Divorced,3,6.2,10.0,86100.0,2.1,3.1,3.9,2,9.5,No,No,5-10 Years,Q3,Good,0
EMP10051,41,Female,Sales,Sales Representative,Bachelor's,Single,4,10.6,14.1,118200.0,3.6,1.9,3.0,1,1.4,No,No,10+ Years,Q4,Average,0
EMP10052,22,Female,Human Resources,Recruiter,Bachelor's,Married,5,13.9,18.6,118400.0,3.8,3.3,2.3,4,16.8,No,No,10+ Years,Q4,Average,0
EMP10053,34,Male,Sales,Sales Executive,Bachelor's,Single,2,2.0,3.0,52200.0,2.6,4.0,3.0,4,6.4,Yes,Yes,1-3 Years,Q1,Average,1
EMP10054,38,Female,Research & Development,R&D Manager,Bachelor's,Married,2,5.1,6.9,67200.0,3.0,4.1,3.9,2,9.9,No,No,5-10 Years,Q2,Good,0
EMP10055,30,Male,Sales,Sales Manager,Bachelor's,Married,3,5.9,8.9,93500.0,1.8,2.9,3.1,4,4.7,No,No,5-10 Years,Q4,Good,0
EMP10056,49,Male,Finance,Finance Manager,Master's,Single,2,3.7,6.5,66200.0,1.4,4.1,4.1,8,2.5,Yes,No,3-5 Years,Q2,Excellent,0
EMP10057,28,Female,Human Resources,Recruiter,Bachelor's,Married,5,17.4,19.2,137400.0,2.8,3.6,3.2,4,11.8,No,No,10+ Years,Q4,Good,0
EMP10058,32,Male,Research & Development,R&D Manager,Bachelor's,Married,1,3.6,6.8,58200.0,3.4,2.3,3.0,2,11.3,No,No,3-5 Years,Q2,Average,0
EMP10059,29,Female,Research & Development,R&D Manager,Bachelor's,Single,4,6.2,8.4,88700.0,2.7,3.2,3.2,5,2.8,Yes,No,5-10 Years,Q4,Good,0
EMP10060,42,Female,Finance,Accountant,Bachelor's,Married,3,2.4,7.1,70500.0,3.0,3.5,2.6,2,29.6,Yes,No,1-3 Years,Q3,Average,0
EMP10061,38,Male,Finance,Accountant,Bachelor's,Married,2,1.9,6.3,58500.0,2.3,2.1,2.3,4,4.3,No,No,1-3 Years,Q2,Average,0
EMP10062,51,Male,IT,Software Engineer,Bachelor's,Single,3,4.5,8.5,87000.0,3.2,3.8,3.5,3,10.7,No,No,3-5 Years,Q3,Good,0
EMP10063,29,Female,IT,IT Manager,Master's,Single,5,9.2,14.9,115800.0,3.0,2.9,3.5,0,5.5,No,No,5-10 Years,Q4,Good,0
EMP10064,27,Male,Sales,Sales Executive,Bachelor's,Divorced,1,2.2,3.4,45300.0,3.1,4.8,5.0,6,10.3,No,No,1-3 Years,Q1,Excellent,0
EMP10065,35,Female,Human Resources,Recruiter,Bachelor's,Divorced,3,3.6,2.0,80000.0,4.1,2.5,2.8,7,18.0,No,No,3-5 Years,Q3,Average,0
EMP10066,37,Male,IT,Software Engineer,Bachelor's,Single,2,2.5,8.6,57700.0,3.6,3.0,3.5,4,1.8,No,No,1-3 Years,Q2,Good,0
EMP10067,43,Male,Research & Development,R&D Manager,Bachelor's,Single,4,9.7,12.4,101900.0,1.6,1.6,3.8,3,3.9,No,No,5-10 Years,Q4,Good,0
EMP10068,41,Male,Human Resources,HR Specialist,Master's,Married,4,6.2,11.2,94300.0,5.0,2.6,3.8,6,12.9,Yes,Yes,5-10 Years,Q4,Good,1
EMP10069,30,Female,Sales,Sales Executive,Master's,Married,1,1.4,7.3,40700.0,1.4,3.9,2.5,7,14.6,Yes,Yes,1-3 Years,Q1,Average,1
EMP10070,34,Female,Research & Development,R&D Manager,Master's,Married,2,1.0,5.4,54200.0,3.7,3.1,4.0,5,4.5,Yes,No,<1 Year,Q1,Good,0
EMP10071,31,Male,IT,IT Manager,Bachelor's,Married,3,4.7,6.6,77300.0,2.9,2.0,1.3,3,5.0,Yes,No,3-5 Years,Q3,Low,0
EMP10072,47,Male,Research & Development,R&D Manager,Bachelor's,Divorced,3,8.9,14.6,76500.0,1.0,3.7,3.9,6,6.1,No,Yes,5-10 Years,Q3,Good,1
EMP10073,25,Male,IT,IT Support,Master's,Single,3,6.0,3.2,74000.0,2.3,3.9,4.0,2,19.0,Yes,No,5-10 Years,Q3,Good,0
EMP10074,46,Male,Research & Development,Research Scientist,Master's,Single,2,0.5,3.5,51800.0,4.5,1.5,3.8,2,22.1,No,No,<1 Year,Q1,Good,0
EMP10075,30,Female,Research & Development,Laboratory Technician,Master's,Married,4,4.0,5.8,92900.0,3.7,3.8,2.6,4,25.1,No,No,3-5 Years,Q4,Average,0
EMP10076,39,Female,Finance,Financial Analyst,Bachelor's,Single,1,0.8,2.0,41100.0,2.8,3.0,3.2,7,4.7,Yes,No,<1 Year,Q1,Good,0
EMP10077,35,Male,Sales,Sales Executive,Bachelor's,Divorced,1,0.3,1.2,42100.0,4.5,2.1,2.5,2,16.8,No,No,<1 Year,Q1,Average,0
EMP10078,35,Male,Sales,Sales Manager,Master's,Divorced,2,2.6,6.3,67500.0,3.9,2.3,3.8,2,4.0,No,No,1-3 Years,Q2,Good,0
EMP10079,20,Female,Marketing,Marketing Analyst,PhD,Single,4,6.7,11.0,101900.0,4.7,3.1,3.0,2,4.0,No,No,5-10 Years,Q4,Average,0
EMP10080,27,Male,Finance,Finance Manager,Bachelor's,Single,1,2.8,5.1,47600.0,4.1,2.9,4.6,1,15.4,No,No,1-3 Years,Q1,Excellent,0
EMP10081,41,Female,Research & Development,R&D Manager,Master's,Single,2,8.1,11.4,79700.0,5.0,3.8,1.6,4,5.9,No,No,5-10 Years,Q3,Low,0
EMP10082,20,Female,Marketing,Marketing Manager,Master's,Single,3,6.0,9.0,72900.0,3.7,1.7,3.4,3,4.7,No,No,5-10 Years,Q3,Good,0
EMP10083,49,Male,Finance,Financial Analyst,Bachelor's,Divorced,5,10.4,14.5,116700.0,3.7,2.4,4.9,3,8.1,No,No,10+ Years,Q4,Excellent,0
EMP10084,43,Female,Human Resources,HR Specialist,PhD,Single,2,6.5,7.4,64900.0,3.7,3.0,2.8,2,1.9,Yes,No,5-10 Years,Q2,Average,0
EMP10085,29,Female,Research & Development,Research Scientist,Master's,Divorced,5,12.8,16.9,132200.0,1.4,1.6,3.2,4,9.7,Yes,No,10+ Years,Q4,Good,0
EMP10086,45,Female,Sales,Sales Executive,Bachelor's,Divorced,1,2.1,9.2,48600.0,4.4,2.9,3.4,4,10.6,No,No,1-3 Years,Q1,Good,0
EMP10087,33,Male,Research & Development,R&D Manager,Master's,Married,2,0.7,3.5,52500.0,3.1,3.4,3.8,3,9.4,Yes,No,<1 Year,Q1,Good,0
EMP10088,30,Male,Marketing,Marketing Specialist,Bachelor's,Single,3,2.9,8.2,83200.0,3.1,3.6,3.5,0,1.0,No,No,1-3 Years,Q3,Good,0
EMP10089,50,Male,Marketing,Marketing Manager,Master's,Single,2,1.3,0.0,61800.0,2.6,3.7,3.7,5,5.0,No,No,1-3 Years,Q2,Good,0
EMP10090,45,Male,Sales,Sales Executive,Master's,Married,5,8.7,14.7,107300.0,2.3,2.8,3.5,2,2.3,No,Yes,5-10 Years,Q4,Good,1
EMP10091,30,Male,IT,Software Engineer,Master's,Married,5,7.0,7.5,116700.0,3.3,4.4,3.0,3,2.4,No,No,5-10 Years,Q4,Average,0
EMP10092,35,Male,Human Resources,HR Manager,Bachelor's,Married,4,4.1,7.5,91500.0,3.3,4.8,3.7,2,13.3,Yes,No,3-5 Years,Q4,Good,0
EMP10093,43,Female,Finance,Financial Analyst,Bachelor's,Married,4,8.8,8.6,99100.0,4.0,2.5,3.8,5,10.7,Yes,No,5-10 Years,Q4,Good,0
EMP10094,36,Female,Sales,Sales Manager,Master's,Married,1,1.7,2.9,57000.0,3.9,1.0,2.0,4,40.0,No,No,1-3 Years,Q2,Low,0
EMP10095,35,Male,IT,IT Support,Bachelor's,Married,2,1.4,2.4,55100.0,1.6,3.1,4.1,3,5.4,No,No,1-3 Years,Q2,Excellent,0
EMP10096,27,Male,Human Resources,HR Manager,Bachelor's,Single,2,3.7,7.9,61300.0,2.2,2.9,2.9,1,22.2,Yes,No,3-5 Years,Q2,Average,0
EMP10097,35,Male,Human Resources,Recruiter,Master's,Divorced,1,3.9,5.2,44500.0,2.4,2.3,3.4,5,1.7,No,No,3-5 Years,Q1,Good,0
EMP10098,47,Male,IT,IT Support,Bachelor's,Married,1,2.0,4.6,42800.0,3.5,3.5,4.0,2,21.2,No,No,1-3 Years,Q1,Good,0
EMP10099,35,Male,Marketing,Marketing Specialist,Bachelor's,Single,3,3.6,5.2,79300.0,3.8,2.9,2.0,2,8.3,Yes,No,3-5 Years,Q3,Low,0
EMP10100,35,Male,Sales,Sales Representative,Bachelor's,Married,3,4.4,4.3,80200.0,3.2,3.5,2.8,2,7.2,Yes,No,3-5 Years,Q3,Average,0
EMP10101,37,Male,Human Resources,HR Manager,Master's,Single,4,9.0,13.1,109400.0,3.1,2.8,4.4,3,15.2,No,No,5-10 Years,Q4,Excellent,0
EMP10102,35,Male,Research & Development,R&D Manager,Master's,Single,2,6.1,6.5,63100.0,3.7,4.8,3.4,2,8.7,Yes,No,5-10 Years,Q2,Good,0
EMP10103,42,Male,Human Resources,Recruiter,Master's,Married,4,7.3,6.9,90700.0,3.7,3.8,2.5,6,22.3,Yes,No,5-10 Years,Q4,Average,0
EMP10104,38,Male,Research & Development,R&D Manager,Master's,Married,4,6.9,9.1,109500.0,2.7,3.6,3.5,2,2.5,Yes,No,5-10 Years,Q4,Good,0
EMP10105,33,Female,Research & Development,Research Scientist,Bachelor's,Single,3,4.5,6.2,71400.0,2.1,3.3,3.6,5,11.9,Yes,No,3-5 Years,Q3,Good,0
EMP10106,22,Male,IT,IT Manager,PhD,Single,4,7.6,9.2,89800.0,3.4,2.5,2.0,5,6.9,No,No,5-10 Years,Q4,Low,0
EMP10107,50,Male,IT,IT Support,Master's,Divorced,3,6.2,7.7,81300.0,2.8,3.9,2.5,2,10.3,No,No,5-10 Years,Q3,Average,0
EMP10108,32,Female,Finance,Financial Analyst,Bachelor's,Single,1,2.2,4.1,42600.0,3.1,1.9,4.5,4,17.4,Yes,Yes,1-3 Years,Q1,Excellent,1
EMP10109,37,Female,IT,IT Manager,Master's,Married,3,4.8,5.0,89400.0,3.9,3.7,3.7,3,29.3,Yes,No,3-5 Years,Q4,Good,0
EMP10110,36,Male,Research & Development,Research Scientist,Master's,Single,2,1.6,3.0,54500.0,2.3,5.0,3.6,2,7.1,No,No,1-3 Years,Q1,Good,0
EMP10111,35,Female,Human Resources,HR Specialist,Master's,Married,1,1.0,3.3,45400.0,4.2,3.4,1.1,3,1.0,No,No,<1 Year,Q1,Low,0
EMP10112,47,Female,Finance,Accountant,High School,Single,3,7.6,11.4,83900.0,4.4,3.3,2.0,7,7.8,Yes,No,5-10 Years,Q3,Low,0
EMP10113,21,Male,Research & Development,Laboratory Technician,Bachelor's,Single,3,4.2,6.2,72600.0,3.9,2.1,2.8,4,4.9,Yes,No,3-5 Years,Q3,Average,0
EMP10114,38,Female,Finance,Finance Manager,PhD,Single,4,5.5,9.8,79100.0,3.3,3.7,2.9,1,13.6,No,No,5-10 Years,Q3,Average,0
EMP10115,32,Female,Human Resources,Recruiter,High School,Single,4,5.6,7.0,95400.0,4.7,4.6,3.5,3,17.0,No,No,5-10 Years,Q4,Good,0
EMP10116,33,Female,Sales,Sales Representative,PhD,Married,2,0.7,3.8,52000.0,2.5,3.8,3.2,4,29.9,No,Yes,<1 Year,Q1,Good,1
EMP10117,26,Female,Research & Development,Research Scientist,Master's,Single,4,7.2,11.0,99900.0,2.6,3.5,3.6,2,27.9,No,No,5-10 Years,Q4,Good,0
EMP10118,37,Female,Sales,Sales Representative,Master's,Divorced,3,6.0,9.2,75000.0,3.5,2.3,4.4,6,3.9,No,Yes,5-10 Years,Q3,Excellent,1
EMP10119,39,Female,Human Resources,Recruiter,Bachelor's,Single,2,2.7,6.9,62800.0,4.3,2.7,3.1,1,5.7,Yes,No,1-3 Years,Q2,Good,0
EMP10120,27,Male,Finance,Finance Manager,Bachelor's,Married,3,5.6,8.7,87300.0,2.6,3.5,2.9,7,22.6,No,No,5-10 Years,Q3,Average,0
EMP10121,41,Female,Finance,Financial Analyst,Bachelor's,Married,2,7.9,11.0,72700.0,4.0,4.4,1.9,3,10.3,Yes,No,5-10 Years,Q3,Low,0
EMP10122,35,Male,IT,IT Support,Bachelor's,Married,2,5.5,9.2,67800.0,1.9,3.7,4.8,2,8.2,No,No,5-10 Years,Q2,Excellent,0
EMP10123,35,Male,Sales,Sales Representative,Bachelor's,Single,1,2.9,6.9,41300.0,2.2,4.4,3.9,6,8.9,No,No,1-3 Years,Q1,Good,0
EMP10124,32,Male,Human Resources,Recruiter,Master's,Married,1,2.1,7.4,43700.0,2.3,2.8,2.7,2,3.4,No,No,1-3 Years,Q1,Average,0
EMP10125,26,Female,Marketing,Marketing Manager,Master's,Single,2,1.6,1.9,57300.0,2.9,2.7,4.3,3,1.8,No,No,1-3 Years,Q2,Excellent,0
EMP10126,60,Female,Marketing,Marketing Manager,Bachelor's,Married,2,1.9,3.5,62000.0,3.6,2.4,2.4,7,13.0,No,No,1-3 Years,Q2,Average,0
EMP10127,51,Male,Research & Development,R&D Manager,Bachelor's,Married,1,1.7,2.3,40200.0,3.7,3.9,3.2,2,5.3,No,No,1-3 Years,Q1,Good,0
EMP10128,29,Male,Research & Development,R&D Manager,PhD,Single,2,3.6,3.5,58500.0,3.2,3.2,3.4,2,5.3,Yes,No,3-5 Years,Q2,Good,0
EMP10129,20,Male,Research & Development,Laboratory Technician,High School,Single,4,4.9,5.7,102900.0,2.1,3.2,3.2,4,4.5,Yes,No,3-5 Years,Q4,Good,0
EMP10130,47,Female,Human Resources,HR Manager,High School,Married,3,5.3,6.3,75900.0,3.7,1.1,3.8,1,4.8,No,No,5-10 Years,Q3,Good,0
EMP10131,39,Female,Sales,Sales Manager,Bachelor's,Single,2,0.3,2.1,46100.0,4.5,2.4,3.3,3,4.4,Yes,No,<1 Year,Q1,Good,0
EMP10132,26,Female,IT,IT Support,Master's,Married,2,0.5,6.2,58200.0,3.8,3.7,4.1,3,6.5,No,No,<1 Year,Q2,Excellent,0
EMP10133,33,Male,Marketing,Marketing Specialist,Master's,Single,2,2.8,6.7,52600.0,2.6,3.8,4.3,3,12.6,Yes,Yes,1-3 Years,Q1,Excellent,1
EMP10134,32,Female,Marketing,Marketing Analyst,Bachelor's,Married,3,4.6,11.2,79400.0,2.4,2.7,2.2,1,17.0,No,No,3-5 Years,Q3,Average,0
EMP10135,39,Male,IT,Software Engineer,Bachelor's,Single,2,1.3,1.7,50800.0,4.3,2.1,3.7,1,9.7,No,Yes,1-3 Years,Q1,Good,1
EMP10136,37,Male,IT,IT Manager,Master's,Married,2,4.5,7.7,66400.0,3.5,4.6,3.1,4,8.0,No,No,3-5 Years,Q2,Good,0
EMP10137,23,Male,Finance,Financial Analyst,Master's,Married,5,16.0,21.3,132400.0,3.6,3.9,3.3,5,30.6,No,No,10+ Years,Q4,Good,0
EMP10138,35,Male,Research & Development,Research Scientist,Bachelor's,Single,1,1.9,4.6,38400.0,2.7,2.4,2.2,0,13.0,No,Yes,1-3 Years,Q1,Average,1
EMP10139,25,Female,Sales,Sales Executive,Bachelor's,Married,3,5.6,10.1,70300.0,2.9,2.9,2.9,2,6.2,No,No,5-10 Years,Q3,Average,0
EMP10140,38,Female,Research & Development,Research Scientist,Master's,Single,2,4.1,3.9,52800.0,1.7,3.3,3.1,2,16.6,No,No,3-5 Years,Q1,Good,0
EMP10141,34,Male,Finance,Financial Analyst,Master's,Single,3,6.2,5.7,87400.0,4.3,3.1,2.9,4,4.9,No,No,5-10 Years,Q3,Average,0
EMP10142,31,Female,Research & Development,Research Scientist,Master's,Divorced,2,4.3,2.9,60300.0,3.1,2.9,3.9,0,18.7,No,No,3-5 Years,Q2,Good,0
EMP10143,35,Female,Research & Development,Laboratory Technician,Master's,Divorced,1,0.2,2.4,44100.0,2.1,1.8,3.5,2,6.4,Yes,Yes,<1 Year,Q1,Good,1
EMP10144,32,Female,Sales,Sales Representative,Bachelor's,Single,5,12.4,15.5,131900.0,4.8,3.8,3.1,3,3.7,No,No,10+ Years,Q4,Good,0
EMP10145,32,Male,Marketing,Marketing Specialist,Bachelor's,Married,3,5.0,7.9,74300.0,2.8,2.4,3.3,3,4.4,No,No,3-5 Years,Q3,Good,0
EMP10146,39,Male,Sales,Sales Executive,Bachelor's,Divorced,1,1.7,7.2,57100.0,3.6,3.8,2.6,4,11.4,Yes,No,1-3 Years,Q2,Average,0
EMP10147,37,Male,IT,Software Engineer,Master's,Single,1,2.5,6.1,54700.0,3.5,3.9,2.4,2,16.2,No,No,1-3 Years,Q1,Average,0
EMP10148,41,Female,Marketing,Marketing Analyst,High School,Divorced,1,4.1,11.1,47000.0,3.4,3.8,2.2,2,4.5,No,No,3-5 Years,Q1,Average,0
EMP10149,47,Male,IT,IT Manager,High School,Married,3,1.3,3.0,62000.0,2.7,2.4,1.9,3,9.3,No,Yes,1-3 Years,Q2,Low,1
EMP10150,36,Female,IT,Software Engineer,Bachelor's,Single,2,4.0,10.7,57500.0,4.0,2.5,3.8,3,18.1,No,No,3-5 Years,Q2,Good,0
EMP10151,26,Male,Marketing,Marketing Analyst,PhD,Married,2,5.7,9.8,65600.0,2.5,3.1,3.7,5,4.2,No,No,5-10 Years,Q2,Good,0
EMP10152,40,Male,Sales,Sales Manager,Bachelor's,Married,2,4.9,9.2,59600.0,2.6,3.5,2.5,5,3.1,No,No,3-5 Years,Q2,Average,0
EMP10153,47,Male,Human Resources,Recruiter,Master's,Married,2,3.2,2.1,60600.0,3.1,2.1,3.8,5,1.0,No,No,3-5 Years,Q2,Good,0
EMP10154,39,Male,Sales,Sales Manager,Bachelor's,Married,1,4.5,8.1,50600.0,2.5,2.8,2.3,3,4.3,No,No,3-5 Years,Q1,Average,0
EMP10155,25,Female,Finance,Financial Analyst,PhD,Married,2,5.1,7.2,64000.0,3.7,2.4,2.7,1,11.8,Yes,No,5-10 Years,Q2,Average,0
EMP10156,36,Male,Finance,Accountant,Bachelor's,Married,2,0.5,3.1,58600.0,4.9,3.7,3.1,4,5.7,No,No,<1 Year,Q2,Good,0
EMP10157,32,Female,Finance,Accountant,High School,Divorced,1,4.3,9.2,48500.0,3.4,1.5,2.8,3,4.1,No,No,3-5 Years,Q1,Average,0
EMP10158,33,Female,IT,Software Engineer,Master's,Single,2,1.8,4.1,48100.0,3.6,3.0,2.1,8,13.9,No,No,1-3 Years,Q1,Average,0
EMP10159,36,Female,Human Resources,HR Manager,Master's,Married,1,1.9,5.5,50400.0,4.4,3.5,3.5,5,17.3,No,No,1-3 Years,Q1,Good,0
EMP10160,34,Male,Sales,Sales Manager,Master's,Single,4,3.8,9.1,91300.0,3.6,3.1,3.8,2,15.7,No,No,3-5 Years,Q4,Good,0
EMP10161,34,Male,Sales,Sales Representative,Bachelor's,Single,4,9.8,11.7,97800.0,4.8,3.2,3.2,2,8.6,Yes,No,5-10 Years,Q4,Good,0
EMP10162,26,Male,Sales,Sales Representative,Bachelor's,Married,2,6.1,7.6,70700.0,3.4,3.5,3.1,2,4.5,No,No,5-10 Years,Q3,Good,0
EMP10163,44,Male,Research & Development,Research Scientist,Bachelor's,Married,3,3.4,7.3,76900.0,4.0,3.7,3.7,3,8.1,No,No,3-5 Years,Q3,Good,0
EMP10164,29,Male,Human Resources,HR Specialist,Master's,Married,3,4.1,5.3,83900.0,2.2,3.8,4.1,0,5.0,No,No,3-5 Years,Q3,Excellent,0
EMP10165,43,Female,Finance,Financial Analyst,Master's,Single,1,1.3,7.9,39800.0,2.9,1.7,3.8,4,3.3,No,No,1-3 Years,Q1,Good,0
EMP10166,36,Female,Research & Development,Laboratory Technician,Bachelor's,Single,3,5.5,8.2,78700.0,3.0,3.6,4.0,2,9.6,No,No,5-10 Years,Q3,Good,0
EMP10167,42,Male,Marketing,Marketing Analyst,Master's,Single,2,2.4,1.3,51700.0,3.2,1.8,4.1,1,17.1,Yes,No,1-3 Years,Q1,Excellent,0
EMP10168,26,Female,Sales,Sales Manager,High School,Single,2,0.8,2.7,67200.0,3.6,3.4,3.4,0,10.4,No,No,<1 Year,Q2,Good,0
EMP10169,30,Male,Marketing,Marketing Manager,Bachelor's,Single,3,2.2,1.5,75900.0,2.9,4.8,2.6,1,14.0,No,No,1-3 Years,Q3,Average,0
EMP10170,34,Male,IT,Systems Analyst,Bachelor's,Married,2,2.5,4.4,56800.0,3.2,2.0,3.6,4,17.7,No,Yes,1-3 Years,Q2,Good,1
EMP10171,30,Male,Research & Development,Research Scientist,High School,Single,5,9.8,12.1,119600.0,2.9,2.1,4.5,5,2.7,No,No,5-10 Years,Q4,Excellent,0
EMP10172,33,Male,Finance,Finance Manager,Bachelor's,Single,2,0.7,2.9,54200.0,2.1,4.6,4.1,2,3.6,No,Yes,<1 Year,Q1,Excellent,1
EMP10173,27,Male,Human Resources,HR Specialist,High School,Divorced,2,2.2,8.1,69100.0,4.6,3.2,3.1,6,15.5,Yes,No,1-3 Years,Q1,Good,0
EMP10174,35,Female,Sales,Sales Manager,High School,Married,2,2.9,6.5,51600.0,4.5,2.4,3.2,3,3.9,No,Yes,1-3 Years,Q1,Good,1
EMP10175,34,Female,Research & Development,R&D Manager,Master's,Married,3,3.6,7.7,70500.0,2.7,5.0,3.4,3,9.4,Yes,No,3-5 Years,Q3,Good,0
EMP10176,33,Female,Marketing,Marketing Analyst,Master's,Married,1,1.9,4.7,55200.0,4.4,2.9,3.7,5,15.5,Yes,No,1-3 Years,Q2,Good,0
EMP10177,30,Female,Marketing,Marketing Analyst,Bachelor's,Divorced,5,15.3,17.1,125000.0,3.3,3.4,2.2,2,12.0,No,No,10+ Years,Q4,Average,0
EMP10178,38,Female,Finance,Financial Analyst,Master's,Single,3,0.4,4.6,80000.0,3.6,2.4,2.7,6,14.5,Yes,No,<1 Year,Q3,Average,0
EMP10179,39,Male,Human Resources,HR Manager,Bachelor's,Married,3,7.8,7.8,100400.0,3.0,3.1,3.6,2,5.9,Yes,No,5-10 Years,Q4,Good,0
EMP10180,28,Male,Sales,Sales Executive,Master's,Married,2,1.2,2.9,54600.0,2.2,3.7,3.6,3,16.6,No,No,1-3 Years,Q1,Good,0
EMP10181,42,Female,Sales,Sales Manager,High School,Single,1,1.2,3.5,32500.0,2.9,2.9,3.9,4,3.2,No,No,1-3 Years,Q1,Good,0
EMP10182,30,Female,Research & Development,R&D Manager,PhD,Married,2,1.6,5.5,60700.0,2.8,2.4,2.9,4,7.1,No,No,1-3 Years,Q2,Average,0
EMP10183,27,Female,Sales,Sales Executive,PhD,Single,3,3.3,3.1,66300.0,4.2,3.2,4.4,3,3.5,Yes,No,3-5 Years,Q2,Excellent,0
EMP10184,35,Female,Marketing,Marketing Analyst,Bachelor's,Married,2,4.4,7.0,65000.0,5.0,4.6,2.3,2,18.9,No,No,3-5 Years,Q2,Average,0
EMP10185,33,Male,Human Resources,HR Specialist,Master's,Married,2,2.8,4.8,54800.0,2.5,3.5,2.5,3,19.5,No,No,1-3 Years,Q1,Average,0
EMP10186,46,Male,Sales,Sales Representative,Bachelor's,Married,2,2.4,6.5,47600.0,4.3,3.0,3.0,3,2.1,No,No,1-3 Years,Q1,Average,0
EMP10187,25,Female,Sales,Sales Executive,Bachelor's,Single,3,6.7,10.7,87600.0,3.3,3.1,2.4,0,5.8,No,No,5-10 Years,Q3,Average,0
EMP10188,27,Male,Research & Development,Laboratory Technician,Bachelor's,Married,2,2.0,5.1,62700.0,2.1,4.7,3.0,3,1.5,No,No,1-3 Years,Q2,Average,0
EMP10189,32,Male,Human Resources,Recruiter,Master's,Married,3,4.6,6.0,79400.0,3.8,3.1,3.2,2,4.8,No,Yes,3-5 Years,Q3,Good,1
EMP10190,33,Female,Finance,Financial Analyst,Bachelor's,Single,1,0.9,3.5,44000.0,3.6,3.9,3.5,5,8.9,Yes,Yes,<1 Year,Q1,Good,1
EMP10191,31,Female,Marketing,Marketing Specialist,Master's,Married,1,1.8,4.2,46300.0,1.3,3.2,3.5,6,7.1,Yes,Yes,1-3 Years,Q1,Good,1
EMP10192,43,Male,Sales,Sales Executive,Master's,Single,5,10.4,17.7,118400.0,3.5,2.2,3.6,4,8.6,No,No,10+ Years,Q4,Good,0
EMP10193,29,Male,Sales,Sales Executive,Bachelor's,Married,3,3.8,5.6,75900.0,2.8,3.2,3.7,2,1.6,No,Yes,3-5 Years,Q3,Good,1
EMP10194,30,Male,Sales,Sales Representative,Master's,Married,3,10.2,11.4,90600.0,5.0,2.2,3.4,4,4.4,Yes,No,10+ Years,Q4,Good,0
EMP10195,25,Male,Human Resources,HR Manager,Master's,Single,3,6.7,9.5,89200.0,4.0,2.0,2.9,1,6.1,No,No,5-10 Years,Q4,Average,0
EMP10196,47,Female,IT,Systems Analyst,Bachelor's,Married,4,11.2,13.3,114500.0,1.7,3.0,4.3,5,3.0,No,No,10+ Years,Q4,Excellent,0
EMP10197,37,Female,Sales,Sales Executive,Bachelor's,Single,2,3.2,4.1,63800.0,4.1,2.8,3.4,2,5.3,Yes,Yes,3-5 Years,Q2,Good,1
EMP10198,26,Female,Sales,Sales Executive,High School,Single,5,13.0,15.8,140200.0,5.0,1.0,4.1,1,3.2,Yes,No,10+ Years,Q4,Excellent,0
EMP10199,44,Female,Sales,Sales Representative,Master's,Single,4,6.4,6.0,110600.0,3.3,4.2,3.2,3,23.6,No,No,5-10 Years,Q4,Good,0
EMP10200,45,Female,Sales,Sales Manager,Master's,Single,1,2.4,5.6,41800.0,2.9,3.6,2.4,4,8.3,No,No,1-3 Years,Q1,Average,0
EMP10201,36,Female,Research & Development,Research Scientist,Bachelor's,Single,1,3.3,3.4,50300.0,4.3,1.0,3.5,0,6.8,Yes,Yes,3-5 Years,Q1,Good,1
EMP10202,31,Female,Marketing,Marketing Specialist,Bachelor's,Single,3,2.2,5.2,70700.0,5.0,3.4,3.6,7,9.8,No,No,1-3 Years,Q3,Good,0
EMP10203,25,Male,Sales,Sales Manager,PhD,Divorced,2,1.4,4.5,57700.0,4.4,2.0,3.1,2,3.9,No,Yes,1-3 Years,Q2,Good,1
EMP10204,28,Male,Sales,Sales Representative,Bachelor's,Divorced,2,2.3,4.1,49300.0,2.8,3.7,3.2,3,10.4,No,No,1-3 Years,Q1,Good,0
EMP10205,26,Male,Sales,Sales Executive,Bachelor's,Single,4,11.0,13.9,121500.0,3.0,3.9,2.0,3,5.8,No,No,10+ Years,Q4,Low,0
EMP10206,33,Male,Human Resources,HR Specialist,Bachelor's,Single,5,11.0,10.9,110600.0,2.0,1.8,2.2,1,11.9,Yes,No,10+ Years,Q4,Average,0
EMP10207,34,Male,Marketing,Marketing Specialist,Master's,Married,1,2.7,4.6,68700.0,3.1,3.5,2.9,4,11.0,Yes,No,1-3 Years,Q2,Average,0
EMP10208,32,Female,Sales,Sales Executive,PhD,Single,3,3.8,7.7,65600.0,3.1,1.4,4.0,2,5.9,No,No,3-5 Years,Q2,Good,0
EMP10209,35,Male,Marketing,Marketing Manager,Bachelor's,Married,4,2.8,7.9,84000.0,3.5,3.4,3.6,1,23.7,No,No,1-3 Years,Q3,Good,0
EMP10210,45,Male,Marketing,Marketing Analyst,Master's,Divorced,2,3.9,6.8,59400.0,4.6,3.2,3.6,4,6.5,Yes,No,3-5 Years,Q2,Good,0
EMP10211,39,Male,IT,IT Manager,Bachelor's,Married,2,3.6,3.8,67900.0,3.1,4.1,3.5,1,12.4,No,No,3-5 Years,Q2,Good,0
EMP10212,20,Male,IT,IT Manager,Bachelor's,Married,3,3.0,5.1,77400.0,4.6,2.2,2.2,4,26.4,No,No,1-3 Years,Q3,Average,0
EMP10213,29,Male,IT,IT Support,Master's,Married,4,10.0,12.2,110900.0,3.6,3.4,4.0,3,1.0,No,No,5-10 Years,Q4,Good,0
EMP10214,45,Female,Research & Development,Research Scientist,Master's,Married,3,6.7,8.0,87000.0,3.0,3.1,3.5,1,9.6,No,No,5-10 Years,Q3,Good,0
EMP10215,29,Male,Sales,Sales Manager,Master's,Married,3,7.8,11.7,96900.0,4.3,3.7,2.4,5,21.2,Yes,Yes,5-10 Years,Q4,Average,1
EMP10216,43,Male,Research & Development,Laboratory Technician,Bachelor's,Married,3,5.5,5.6,70100.0,2.6,4.6,3.7,3,18.3,No,No,5-10 Years,Q3,Good,0
EMP10217,37,Male,Research & Development,Research Scientist,Master's,Single,5,16.2,18.6,141100.0,2.1,3.4,4.2,0,5.9,No,No,10+ Years,Q4,Excellent,0
EMP10218,41,Female,Research & Development,R&D Manager,Master's,Married,1,1.0,4.8,39100.0,3.4,2.8,3.7,6,16.7,No,Yes,<1 Year,Q1,Good,1
EMP10219,30,Male,Sales,Sales Executive,Master's,Single,3,9.2,12.6,106700.0,2.3,2.5,2.9,1,14.7,No,No,5-10 Years,Q4,Average,0
EMP10220,30,Female,Research & Development,Research Scientist,Master's,Married,3,4.7,3.5,86100.0,4.1,2.1,3.0,2,13.5,No,No,3-5 Years,Q3,Average,0
EMP10221,20,Female,Sales,Sales Manager,High School,Divorced,2,1.8,6.2,46400.0,2.8,3.2,3.8,1,7.3,No,No,1-3 Years,Q1,Good,0
EMP10222,44,Male,Marketing,Marketing Specialist,Master's,Single,1,4.4,9.2,58200.0,2.2,3.5,1.5,4,10.3,No,No,3-5 Years,Q2,Low,0
EMP10223,44,Female,Finance,Finance Manager,Bachelor's,Single,3,5.6,9.6,86900.0,3.6,5.0,3.1,2,14.3,Yes,No,5-10 Years,Q3,Good,0
EMP10224,27,Female,Finance,Finance Manager,Bachelor's,Single,3,0.8,0.6,64100.0,2.8,2.2,2.3,3,4.9,No,No,<1 Year,Q2,Average,0
EMP10225,28,Male,Research & Development,Laboratory Technician,Master's,Single,2,1.7,4.8,57600.0,3.2,3.4,2.9,2,6.6,No,No,1-3 Years,Q2,Average,0
EMP10226,41,Male,Sales,Sales Representative,Bachelor's,Married,1,2.9,5.5,46100.0,3.3,3.9,1.3,1,2.0,No,No,1-3 Years,Q1,Low,0
EMP10227,52,Female,Research & Development,R&D Manager,Master's,Married,4,12.0,16.4,117100.0,3.9,3.1,3.1,3,11.3,Yes,No,10+ Years,Q4,Good,0
EMP10228,56,Female,Finance,Accountant,High School,Married,4,5.0,7.9,93100.0,1.2,1.0,3.4,4,1.9,Yes,Yes,3-5 Years,Q4,Good,1
EMP10229,23,Male,IT,Software Engineer,PhD,Single,3,3.2,4.5,72600.0,3.7,3.2,3.0,1,6.7,No,No,3-5 Years,Q3,Average,0
EMP10230,49,Female,IT,Systems Analyst,Bachelor's,Single,5,10.7,14.8,116700.0,2.9,2.4,3.9,2,8.2,Yes,No,10+ Years,Q4,Good,0
EMP10231,32,Female,Finance,Accountant,Bachelor's,Divorced,2,2.6,5.3,72000.0,4.9,3.2,3.5,2,13.7,No,No,1-3 Years,Q3,Good,0
EMP10232,39,Female,Sales,Sales Representative,High School,Married,3,7.3,9.8,90700.0,4.5,3.6,3.3,3,4.3,No,No,5-10 Years,Q4,Good,0
EMP10233,33,Male,Sales,Sales Executive,Master's,Single,3,4.5,8.6,82000.0,4.2,1.6,2.9,2,6.5,No,No,3-5 Years,Q3,Average,0
EMP10234,24,Male,IT,IT Manager,Master's,Married,5,8.4,8.0,114600.0,3.8,3.0,4.0,2,1.7,No,No,5-10 Years,Q4,Good,0
EMP10235,28,Male,Research & Development,Research Scientist,PhD,Married,2,3.1,8.0,60900.0,1.6,2.4,3.7,3,13.1,Yes,Yes,3-5 Years,Q2,Good,1
EMP10236,48,Female,IT,Systems Analyst,Master's,Single,1,0.5,5.6,48300.0,3.0,3.2,4.0,1,8.9,Yes,Yes,<1 Year,Q1,Good,1
EMP10237,38,Male,Sales,Sales Executive,Master's,Married,5,12.2,11.8,126500.0,4.1,3.5,3.2,5,4.8,No,No,10+ Years,Q4,Good,0
EMP10238,20,Female,IT,IT Manager,Bachelor's,Divorced,1,2.7,6.9,36600.0,4.0,3.3,2.2,3,9.8,No,No,1-3 Years,Q1,Average,0
EMP10239,39,Female,IT,Systems Analyst,Master's,Married,3,7.2,6.5,85800.0,4.2,3.7,3.6,4,9.1,No,No,5-10 Years,Q3,Good,0
EMP10240,47,Female,Finance,Financial Analyst,High School,Married,2,0.5,3.6,51500.0,1.9,2.7,2.2,2,3.2,No,Yes,<1 Year,Q1,Average,1
EMP10241,34,Male,IT,IT Manager,Master's,Married,2,1.9,3.3,56400.0,2.5,2.6,4.2,2,17.5,No,Yes,1-3 Years,Q2,Excellent,1
EMP10242,48,Male,Research & Development,Research Scientist,Bachelor's,Married,3,3.6,1.3,69400.0,1.8,3.6,3.7,1,4.9,Yes,No,3-5 Years,Q3,Good,0
EMP10243,36,Female,Marketing,Marketing Manager,Bachelor's,Single,5,11.3,16.0,134800.0,1.2,2.6,2.8,4,2.1,No,No,10+ Years,Q4,Average,0
EMP10244,30,Female,IT,Systems Analyst,Master's,Single,2,2.2,2.7,63400.0,4.0,2.7,3.3,6,1.2,No,No,1-3 Years,Q2,Good,0
EMP10245,39,Female,IT,IT Support,Bachelor's,Single,1,5.8,8.8,46900.0,3.5,3.1,2.8,1,2.6,No,No,5-10 Years,Q1,Average,0
EMP10246,33,Male,Research & Development,Laboratory Technician,High School,Married,2,3.6,7.8,66900.0,2.3,3.5,3.8,3,8.1,Yes,No,3-5 Years,Q2,Good,0
EMP10247,29,Female,Research & Development,Laboratory Technician,Master's,Single,5,8.7,11.7,124600.0,1.0,2.4,3.7,3,28.1,No,No,5-10 Years,Q4,Good,0
EMP10248,36,Male,Marketing,Marketing Manager,High School,Divorced,2,2.5,5.1,61700.0,3.1,4.6,2.8,0,15.7,No,No,1-3 Years,Q2,Average,0
EMP10249,35,Female,Sales,Sales Executive,Bachelor's,Married,4,9.8,10.0,114900.0,2.5,4.5,2.4,1,13.5,Yes,No,5-10 Years,Q4,Average,0
EMP10250,45,Male,Human Resources,Recruiter,Bachelor's,Married,4,11.4,13.8,106500.0,2.7,2.1,2.6,0,9.6,Yes,No,10+ Years,Q4,Average,0
EMP10251,24,Female,Research & Development,Laboratory Technician,Bachelor's,Single,2,7.4,9.2,67200.0,2.5,2.0,3.0,8,7.5,Yes,No,5-10 Years,Q2,Average,0
EMP10252,22,Male,Sales,Sales Representative,Bachelor's,Single,2,4.3,2.0,57800.0,2.4,3.2,4.1,5,3.8,No,No,3-5 Years,Q2,Excellent,0
EMP10253,31,Male,Finance,Finance Manager,Master's,Single,2,1.6,4.3,55700.0,3.4,3.2,4.3,4,11.7,No,Yes,1-3 Years,Q2,Excellent,1
EMP10254,31,Female,Finance,Financial Analyst,Master's,Married,1,3.4,4.7,63500.0,3.4,2.3,2.6,3,10.3,Yes,No,3-5 Years,Q2,Average,0
EMP10255,36,Male,Marketing,Marketing Manager,Master's,Married,1,2.5,5.8,50300.0,2.9,1.5,4.2,8,7.3,Yes,Yes,1-3 Years,Q1,Excellent,1
EMP10256,34,Male,Research & Development,Research Scientist,Bachelor's,Divorced,4,8.5,11.4,105400.0,3.3,2.9,2.1,3,12.5,No,No,5-10 Years,Q4,Average,0
EMP10257,32,Male,Research & Development,R&D Manager,Master's,Married,2,3.9,9.7,65500.0,3.0,4.6,2.2,0,3.7,No,No,3-5 Years,Q2,Average,0
EMP10258,26,Male,Marketing,Marketing Manager,Bachelor's,Single,3,4.2,9.3,66400.0,4.1,3.8,3.7,4,22.6,No,No,3-5 Years,Q2,Good,0
EMP10259,42,Male,Research & Development,R&D Manager,Bachelor's,Single,2,1.1,3.3,58900.0,4.7,3.0,2.8,4,17.0,No,No,1-3 Years,Q2,Average,0
EMP10260,35,Female,Marketing,Marketing Analyst,Bachelor's,Divorced,2,2.7,3.9,62900.0,4.1,2.1,3.3,1,5.1,Yes,No,1-3 Years,Q2,Good,0
EMP10261,22,Female,IT,Systems Analyst,Bachelor's,Single,1,1.6,5.1,42200.0,3.3,3.5,3.2,2,14.7,Yes,No,1-3 Years,Q1,Good,0
EMP10262,40,Female,Human Resources,HR Manager,Bachelor's,Married,2,4.4,6.3,68900.0,5.0,2.7,2.8,2,4.7,No,No,3-5 Years,Q2,Average,0
EMP10263,42,Male,Sales,Sales Manager,Bachelor's,Single,3,3.0,5.0,68400.0,3.6,3.9,1.8,5,5.1,No,No,1-3 Years,Q2,Low,0
EMP10264,35,Male,Marketing,Marketing Analyst,Master's,Married,4,7.0,11.3,95600.0,3.0,3.3,1.5,2,6.3,No,Yes,5-10 Years,Q4,Low,1
EMP10265,38,Female,Research & Development,R&D Manager,Bachelor's,Married,1,2.9,7.4,46500.0,3.6,2.3,3.8,0,1.3,Yes,No,1-3 Years,Q1,Good,0
EMP10266,41,Female,Sales,Sales Manager,High School,Married,4,8.1,6.8,98700.0,3.5,2.5,4.2,6,2.2,No,No,5-10 Years,Q4,Excellent,0
EMP10267,28,Male,Research & Development,Research Scientist,PhD,Married,4,5.0,10.0,96900.0,2.1,3.1,2.9,1,22.8,Yes,Yes,3-5 Years,Q4,Average,1
EMP10268,32,Female,IT,IT Support,Bachelor's,Single,2,0.7,3.0,52200.0,3.2,3.3,2.5,2,3.4,Yes,No,<1 Year,Q1,Average,0
EMP10269,51,Female,Research & Development,Research Scientist,High School,Married,5,7.5,12.2,117000.0,2.4,2.7,3.6,3,5.4,No,No,5-10 Years,Q4,Good,0
EMP10270,24,Female,Research & Development,R&D Manager,High School,Married,2,1.1,2.4,74300.0,1.8,2.5,4.2,4,4.8,Yes,Yes,1-3 Years,Q3,Excellent,1
EMP10271,37,Female,Marketing,Marketing Analyst,Master's,Married,1,0.8,2.6,38500.0,1.6,2.9,3.7,3,2.7,No,No,<1 Year,Q1,Good,0
EMP10272,23,Male,IT,IT Support,Master's,Divorced,3,8.7,8.8,83700.0,3.3,2.8,2.7,1,3.4,No,No,5-10 Years,Q3,Average,0
EMP10273,41,Male,Research & Development,Research Scientist,Master's,Married,1,2.0,5.4,48900.0,2.5,2.2,2.5,2,12.7,Yes,Yes,1-3 Years,Q1,Average,1
EMP10274,44,Female,IT,IT Support,High School,Single,1,1.4,2.1,32600.0,3.4,2.9,4.1,2,10.5,No,No,1-3 Years,Q1,Excellent,0
EMP10275,45,Female,Sales,Sales Executive,Master's,Single,4,5.1,7.1,97700.0,2.8,2.6,2.6,4,15.8,Yes,No,5-10 Years,Q4,Average,0
EMP10276,35,Female,IT,IT Manager,Bachelor's,Married,2,2.4,8.0,62800.0,4.1,4.1,2.4,3,7.4,No,No,1-3 Years,Q2,Average,0
EMP10277,36,Male,Sales,Sales Representative,High School,Divorced,1,2.2,2.2,41100.0,3.6,3.7,2.4,5,1.0,No,No,1-3 Years,Q1,Average,0
EMP10278,31,Female,Human Resources,HR Manager,Bachelor's,Married,4,7.6,9.1,108200.0,1.4,2.6,3.6,5,6.2,No,No,5-10 Years,Q4,Good,0
EMP10279,37,Female,Sales,Sales Executive,Bachelor's,Married,1,2.2,3.3,49700.0,2.1,4.5,4.6,1,7.7,No,No,1-3 Years,Q1,Excellent,0
EMP10280,42,Male,Human Resources,Recruiter,Bachelor's,Married,3,5.3,5.7,75000.0,2.4,2.0,2.6,3,24.7,Yes,Yes,5-10 Years,Q3,Average,1
EMP10281,23,Male,Research & Development,Laboratory Technician,Master's,Married,1,1.1,0.1,38100.0,4.4,2.5,4.1,2,7.0,No,Yes,1-3 Years,Q1,Excellent,1
EMP10282,45,Male,Research & Development,Research Scientist,Bachelor's,Married,2,5.5,9.7,56900.0,3.4,2.9,3.2,7,17.1,No,No,5-10 Years,Q2,Good,0
EMP10283,34,Male,IT,IT Manager,Bachelor's,Single,3,3.0,7.4,81500.0,2.6,3.8,3.4,5,1.3,No,No,1-3 Years,Q3,Good,0
EMP10284,30,Female,Research & Development,Research Scientist,Bachelor's,Single,2,4.3,7.0,69100.0,3.7,5.0,3.8,2,6.7,No,Yes,3-5 Years,Q2,Good,1
EMP10285,41,Female,Human Resources,Recruiter,Bachelor's,Single,1,1.1,2.2,55900.0,4.4,3.6,4.0,2,4.7,No,Yes,1-3 Years,Q2,Good,1
EMP10286,36,Male,Sales,Sales Representative,Master's,Married,4,4.9,7.4,103700.0,4.5,4.1,3.0,4,7.9,No,No,3-5 Years,Q4,Average,0
EMP10287,38,Male,Research & Development,Research Scientist,Bachelor's,Married,1,1.4,5.2,51100.0,1.9,1.1,2.6,1,14.6,No,No,1-3 Years,Q1,Average,0
EMP10288,45,Female,Research & Development,R&D Manager,High School,Single,3,5.6,14.1,79200.0,2.8,3.7,3.3,2,22.2,Yes,No,5-10 Years,Q3,Good,0
EMP10289,22,Female,IT,Systems Analyst,High School,Married,4,8.2,8.1,103300.0,3.6,4.6,3.1,2,8.1,No,No,5-10 Years,Q4,Good,0
EMP10290,26,Male,Sales,Sales Manager,Bachelor's,Married,5,17.6,22.0,130400.0,2.0,4.0,2.3,0,7.2,No,No,10+ Years,Q4,Average,0
EMP10291,25,Female,Sales,Sales Executive,Master's,Single,2,4.7,7.9,61500.0,1.8,2.0,1.8,4,8.1,No,No,3-5 Years,Q2,Low,0
EMP10292,41,Female,IT,IT Manager,Master's,Single,4,2.8,1.6,79000.0,3.5,4.2,3.6,3,10.8,Yes,Yes,1-3 Years,Q3,Good,1
EMP10293,34,Male,Marketing,Marketing Specialist,Master's,Divorced,3,5.2,4.8,79800.0,3.0,4.6,3.8,2,4.2,No,No,5-10 Years,Q3,Good,0
EMP10294,39,Female,Marketing,Marketing Specialist,Bachelor's,Married,1,3.1,9.1,54200.0,2.9,2.4,4.3,6,22.3,Yes,No,3-5 Years,Q1,Excellent,0
EMP10295,35,Female,Research & Development,R&D Manager,Master's,Single,1,2.4,6.8,42700.0,2.0,3.9,2.1,0,9.2,No,Yes,1-3 Years,Q1,Average,1
EMP10296,44,Male,Human Resources,HR Manager,Master's,Married,3,5.0,9.4,72300.0,2.7,2.9,3.4,2,1.0,Yes,No,3-5 Years,Q3,Good,0
EMP10297,38,Female,Research & Development,Laboratory Technician,PhD,Divorced,2,1.6,3.7,61400.0,2.4,2.9,3.0,4,7.1,Yes,No,1-3 Years,Q2,Average,0
EMP10298,25,Male,IT,IT Manager,Bachelor's,Married,3,5.7,12.3,88900.0,3.1,3.5,3.7,3,9.7,Yes,No,5-10 Years,Q4,Good,0
EMP10299,24,Male,Finance,Financial Analyst,High School,Married,2,2.7,4.1,60300.0,3.1,5.0,2.6,7,4.0,No,No,1-3 Years,Q2,Average,0
EMP10300,44,Female,Sales,Sales Executive,Bachelor's,Married,2,4.6,7.8,63900.0,2.6,3.7,4.1,3,39.7,No,No,3-5 Years,Q2,Excellent,0
EMP10301,30,Male,IT,Software Engineer,Master's,Divorced,3,2.9,7.0,71600.0,2.4,3.7,2.8,3,21.6,No,Yes,1-3 Years,Q3,Average,1
EMP10302,40,Male,Finance,Accountant,Bachelor's,Married,3,3.6,2.2,88700.0,2.4,2.5,3.4,6,9.9,Yes,No,3-5 Years,Q4,Good,0
EMP10303,31,Male,Marketing,Marketing Analyst,PhD,Single,1,1.5,4.9,46900.0,4.1,3.5,2.0,1,9.8,Yes,Yes,1-3 Years,Q1,Low,1
EMP10304,29,Male,Finance,Accountant,Bachelor's,Married,4,10.5,14.6,114300.0,3.5,2.7,3.6,4,4.0,Yes,No,10+ Years,Q4,Good,0
EMP10305,38,Female,Sales,Sales Executive,Master's,Married,4,4.5,6.2,102400.0,2.1,2.7,3.1,8,10.6,Yes,No,3-5 Years,Q4,Good,0
EMP10306,41,Female,Marketing,Marketing Manager,Master's,Single,3,5.5,7.2,78500.0,2.2,3.8,4.4,3,7.4,No,No,5-10 Years,Q3,Excellent,0
EMP10307,39,Male,Finance,Accountant,Bachelor's,Single,3,3.0,5.1,86900.0,4.2,2.7,3.5,5,5.6,No,Yes,1-3 Years,Q3,Good,1
EMP10308,36,Male,Finance,Finance Manager,Bachelor's,Divorced,3,4.0,6.2,63200.0,3.3,1.6,3.0,5,13.8,No,Yes,3-5 Years,Q2,Average,1
EMP10309,41,Male,Finance,Accountant,PhD,Single,2,3.6,7.5,63200.0,3.5,2.5,3.6,4,3.4,Yes,No,3-5 Years,Q2,Good,0
EMP10310,36,Male,Research & Development,Laboratory Technician,High School,Married,5,13.1,17.4,136100.0,2.6,2.6,2.2,3,7.1,No,No,10+ Years,Q4,Average,0
EMP10311,42,Female,Marketing,Marketing Analyst,Bachelor's,Married,4,4.6,5.7,105800.0,4.6,2.0,2.9,6,3.6,No,No,3-5 Years,Q4,Average,0
EMP10312,37,Female,IT,Software Engineer,Bachelor's,Married,2,5.4,5.6,62900.0,4.0,2.9,2.9,1,1.4,Yes,No,5-10 Years,Q2,Average,0
EMP10313,38,Female,Sales,Sales Executive,Master's,Married,3,4.7,7.0,75300.0,2.2,3.9,3.1,3,5.0,No,No,3-5 Years,Q3,Good,0
EMP10314,46,Male,IT,IT Manager,Bachelor's,Married,5,11.0,15.0,130100.0,3.0,2.7,4.0,2,7.5,No,No,10+ Years,Q4,Good,0
EMP10315,34,Male,Sales,Sales Representative,Bachelor's,Single,4,5.0,6.5,100000.0,2.9,3.6,4.3,5,27.9,No,No,3-5 Years,Q4,Excellent,0
EMP10316,28,Female,Sales,Sales Manager,Master's,Single,4,10.1,12.3,102700.0,3.3,3.1,4.7,2,7.8,Yes,No,10+ Years,Q4,Excellent,0
EMP10317,36,Male,IT,IT Manager,Master's,Single,5,10.8,17.6,125500.0,2.6,4.1,2.5,2,18.0,No,No,10+ Years,Q4,Average,0
EMP10318,20,Female,Sales,Sales Representative,Bachelor's,Married,1,3.8,6.1,49600.0,3.3,4.7,3.8,3,9.4,No,No,3-5 Years,Q1,Good,0
EMP10319,48,Female,Research & Development,Research Scientist,Master's,Married,4,7.7,11.0,97500.0,4.3,2.9,4.3,3,27.4,Yes,No,5-10 Years,Q4,Excellent,0
EMP10320,41,Male,IT,Systems Analyst,Bachelor's,Single,3,1.0,4.2,71400.0,4.4,1.9,2.6,6,16.6,No,No,<1 Year,Q3,Average,0
EMP10321,30,Male,Marketing,Marketing Manager,Bachelor's,Single,5,10.3,11.6,121400.0,4.1,1.8,3.2,2,3.5,No,No,10+ Years,Q4,Good,0
EMP10322,46,Female,Research & Development,R&D Manager,Bachelor's,Married,3,5.6,9.1,85200.0,2.1,3.9,4.0,2,12.7,Yes,No,5-10 Years,Q3,Good,0
EMP10323,58,Female,Sales,Sales Executive,Bachelor's,Married,3,5.3,4.4,78800.0,2.7,3.2,3.2,6,3.4,No,No,5-10 Years,Q3,Good,0
EMP10324,30,Female,Sales,Sales Manager,Bachelor's,Single,5,17.0,21.4,140900.0,4.3,4.1,3.4,9,20.6,No,No,10+ Years,Q4,Good,0
EMP10325,31,Female,Finance,Finance Manager,Master's,Single,2,3.2,5.2,58300.0,2.7,4.2,4.1,4,5.9,No,No,3-5 Years,Q2,Excellent,0
EMP10326,41,Male,Research & Development,R&D Manager,Bachelor's,Married,4,13.8,16.7,114400.0,2.8,2.9,2.2,3,7.0,No,No,10+ Years,Q4,Average,0
EMP10327,20,Male,Marketing,Marketing Manager,High School,Married,2,3.0,4.7,71100.0,3.4,4.2,3.0,6,6.1,No,No,1-3 Years,Q3,Average,0
EMP10328,50,Male,IT,Systems Analyst,Master's,Married,2,0.9,4.0,51900.0,3.3,2.8,2.5,6,6.4,No,No,<1 Year,Q1,Average,0
EMP10329,31,Male,Finance,Accountant,Master's,Single,1,2.3,2.1,34500.0,4.5,2.2,3.3,5,6.0,Yes,No,1-3 Years,Q1,Good,0
EMP10330,34,Male,Research & Development,R&D Manager,Bachelor's,Married,2,2.6,6.8,66900.0,2.7,4.2,3.8,2,33.2,Yes,No,1-3 Years,Q2,Good,0
EMP10331,36,Male,Finance,Financial Analyst,Bachelor's,Married,1,4.7,9.2,46700.0,3.1,3.5,3.1,5,1.9,Yes,No,3-5 Years,Q1,Good,0
EMP10332,33,Female,Marketing,Marketing Specialist,Bachelor's,Married,2,5.2,10.1,57200.0,3.5,3.1,4.8,4,7.1,No,No,5-10 Years,Q2,Excellent,0
EMP10333,28,Male,Finance,Financial Analyst,Bachelor's,Single,1,1.5,4.7,39000.0,2.3,2.9,4.0,3,1.7,No,No,1-3 Years,Q1,Good,0
EMP10334,35,Female,Marketing,Marketing Analyst,Bachelor's,Single,2,3.0,4.5,67800.0,2.1,4.0,3.4,5,15.6,Yes,Yes,1-3 Years,Q2,Good,1
EMP10335,42,Male,IT,Systems Analyst,PhD,Single,2,1.5,1.0,58000.0,3.9,3.0,2.7,4,12.4,No,No,1-3 Years,Q2,Average,0
EMP10336,30,Male,Marketing,Marketing Analyst,Bachelor's,Married,2,6.3,12.5,70500.0,1.8,1.8,2.9,1,5.9,Yes,No,5-10 Years,Q3,Average,0
EMP10337,35,Female,Sales,Sales Manager,Bachelor's,Single,3,5.7,11.5,93900.0,4.8,5.0,4.4,4,9.9,No,No,5-10 Years,Q4,Excellent,0
EMP10338,27,Female,Human Resources,HR Specialist,Master's,Single,5,11.7,14.6,122100.0,4.0,2.6,2.6,4,11.2,No,No,10+ Years,Q4,Average,0
EMP10339,35,Female,Research & Development,R&D Manager,Bachelor's,Married,2,3.6,3.7,46600.0,4.7,2.6,3.1,1,1.7,No,No,3-5 Years,Q1,Good,0
EMP10340,34,Female,Sales,Sales Representative,Bachelor's,Married,4,5.7,6.3,98900.0,3.9,3.7,2.8,3,16.8,No,No,5-10 Years,Q4,Average,0
EMP10341,34,Female,Sales,Sales Executive,Bachelor's,Married,2,5.4,10.8,59800.0,3.8,4.2,2.8,1,13.3,Yes,No,5-10 Years,Q2,Average,0
EMP10342,34,Male,Finance,Finance Manager,PhD,Married,1,1.9,4.1,36500.0,3.8,2.6,3.5,3,5.1,No,No,1-3 Years,Q1,Good,0
EMP10343,34,Male,Finance,Accountant,Master's,Married,3,2.8,4.8,69800.0,4.3,3.5,3.3,2,24.7,Yes,Yes,1-3 Years,Q3,Good,1
EMP10344,29,Male,Human Resources,Recruiter,Master's,Married,5,13.7,16.6,136600.0,4.5,4.9,4.0,5,10.1,No,No,10+ Years,Q4,Good,0
EMP10345,21,Female,IT,IT Manager,High School,Divorced,1,3.1,1.6,46700.0,3.9,4.1,3.4,3,3.2,No,No,3-5 Years,Q1,Good,0
EMP10346,38,Female,Research & Development,Research Scientist,Bachelor's,Married,2,4.4,7.3,68600.0,3.6,4.6,2.7,3,6.0,No,No,3-5 Years,Q2,Average,0
EMP10347,30,Male,Research & Development,Research Scientist,Bachelor's,Single,3,6.1,10.0,81700.0,3.1,2.1,4.4,2,16.1,Yes,Yes,5-10 Years,Q3,Excellent,1
EMP10348,33,Female,Sales,Sales Manager,Bachelor's,Married,4,7.9,10.2,85000.0,2.5,2.6,3.1,1,19.2,No,No,5-10 Years,Q3,Good,0
EMP10349,20,Male,Marketing,Marketing Specialist,Bachelor's,Married,1,1.3,3.8,45000.0,2.9,4.2,3.4,2,10.4,Yes,No,1-3 Years,Q1,Good,0
EMP10350,36,Male,Research & Development,R&D Manager,Bachelor's,Single,3,5.6,2.1,88600.0,2.5,2.8,3.3,2,1.5,No,No,5-10 Years,Q4,Good,0
EMP10351,27,Female,Sales,Sales Executive,Bachelor's,Married,5,14.3,18.0,136000.0,3.2,1.9,3.2,4,3.2,No,No,10+ Years,Q4,Good,0
EMP10352,46,Female,Sales,Sales Executive,Master's,Married,2,4.0,6.4,78800.0,3.3,3.5,3.4,1,3.3,Yes,No,3-5 Years,Q3,Good,0
EMP10353,39,Female,Research & Development,Research Scientist,Bachelor's,Married,4,7.9,9.0,85700.0,3.7,3.1,4.3,3,10.4,Yes,No,5-10 Years,Q3,Excellent,0
EMP10354,49,Female,Research & Development,Research Scientist,High School,Divorced,2,4.5,7.8,51600.0,3.5,4.4,2.5,3,4.8,Yes,No,3-5 Years,Q1,Average,0
EMP10355,25,Male,IT,IT Support,Master's,Single,2,2.5,7.3,55100.0,2.3,2.0,3.8,6,5.1,No,Yes,1-3 Years,Q2,Good,1
EMP10356,30,Female,IT,Software Engineer,Master's,Married,4,6.9,7.1,85500.0,3.3,2.5,3.9,3,11.1,No,No,5-10 Years,Q3,Good,0
EMP10357,37,Female,IT,Software Engineer,Master's,Married,2,5.6,8.8,74200.0,2.7,3.1,3.4,5,5.0,Yes,No,5-10 Years,Q3,Good,0
EMP10358,44,Male,Finance,Finance Manager,Bachelor's,Married,1,0.9,3.1,35500.0,2.9,2.8,3.9,1,4.5,No,No,<1 Year,Q1,Good,0
EMP10359,32,Female,Research & Development,R&D Manager,High School,Married,4,6.9,10.1,94700.0,4.9,2.9,3.4,3,4.2,No,No,5-10 Years,Q4,Good,0
EMP10360,37,Male,Marketing,Marketing Specialist,Master's,Divorced,2,5.2,8.5,75400.0,3.7,2.6,3.7,5,18.8,No,No,5-10 Years,Q3,Good,0
EMP10361,30,Male,Research & Development,Laboratory Technician,Bachelor's,Married,3,4.8,8.3,87200.0,2.1,2.7,2.4,4,6.5,No,No,3-5 Years,Q3,Average,0
EMP10362,29,Female,Research & Development,Research Scientist,Master's,Married,4,10.2,10.1,104800.0,2.9,3.4,2.7,1,8.1,No,No,10+ Years,Q4,Average,0
EMP10363,25,Male,Sales,Sales Representative,Bachelor's,Married,2,2.3,10.7,70700.0,3.4,3.1,3.6,3,15.9,No,Yes,1-3 Years,Q3,Good,1
EMP10364,48,Female,Research & Development,R&D Manager,Bachelor's,Married,4,12.2,13.9,107500.0,1.7,4.7,3.6,3,11.1,Yes,No,10+ Years,Q4,Good,0
EMP10365,28,Female,Research & Development,Research Scientist,Master's,Single,3,3.8,8.9,76300.0,3.3,3.2,5.0,4,12.1,No,No,3-5 Years,Q3,Excellent,0
EMP10366,28,Male,Research & Development,Laboratory Technician,Master's,Single,3,3.3,5.4,82600.0,1.5,4.1,1.7,4,28.1,No,No,3-5 Years,Q3,Low,0
EMP10367,30,Female,Sales,Sales Manager,Bachelor's,Married,2,3.0,3.1,61900.0,1.6,2.5,2.9,1,1.0,No,No,1-3 Years,Q2,Average,0
EMP10368,29,Male,Research & Development,Laboratory Technician,Bachelor's,Married,4,3.8,9.7,93600.0,2.0,1.4,3.8,4,1.6,No,Yes,3-5 Years,Q4,Good,1
EMP10369,38,Male,Research & Development,Research Scientist,PhD,Single,3,3.6,6.6,87300.0,2.5,2.7,2.4,3,8.2,Yes,Yes,3-5 Years,Q3,Average,1
EMP10370,23,Male,Marketing,Marketing Manager,Bachelor's,Married,3,4.2,7.3,94100.0,3.7,1.8,2.9,2,16.8,No,No,3-5 Years,Q4,Average,0
EMP10371,26,Male,Marketing,Marketing Manager,Bachelor's,Single,2,4.6,5.4,51100.0,1.0,3.6,3.1,1,16.5,No,No,3-5 Years,Q1,Good,0
EMP10372,22,Female,IT,IT Manager,Bachelor's,Married,3,3.1,5.6,88200.0,3.3,3.1,2.1,4,3.8,Yes,No,3-5 Years,Q4,Average,0
EMP10373,34,Female,Sales,Sales Executive,Master's,Single,1,0.5,1.8,39100.0,2.5,3.2,2.6,1,18.3,No,No,<1 Year,Q1,Average,0
EMP10374,31,Male,IT,Software Engineer,High School,Married,4,7.7,11.7,92700.0,2.6,3.4,3.2,1,7.6,No,No,5-10 Years,Q4,Good,0
EMP10375,20,Male,Sales,Sales Representative,Master's,Single,4,7.3,9.4,95100.0,3.1,1.0,2.1,1,10.9,Yes,No,5-10 Years,Q4,Average,0
EMP10376,24,Female,Human Resources,HR Manager,Bachelor's,Married,1,1.4,1.4,44000.0,4.2,2.3,3.0,3,4.4,No,Yes,1-3 Years,Q1,Average,1
EMP10377,34,Male,Research & Development,R&D Manager,Bachelor's,Single,1,2.4,5.6,43900.0,1.7,4.1,4.3,3,13.0,No,Yes,1-3 Years,Q1,Excellent,1
EMP10378,41,Male,Marketing,Marketing Manager,Master's,Single,2,5.1,9.2,60300.0,2.0,3.8,3.2,6,7.8,No,No,5-10 Years,Q2,Good,0
EMP10379,39,Female,IT,IT Manager,Master's,Single,5,11.5,17.2,120200.0,3.1,2.9,3.0,6,1.0,No,No,10+ Years,Q4,Average,0
EMP10380,40,Male,Research & Development,Research Scientist,PhD,Married,2,2.4,6.6,65900.0,2.8,2.9,2.6,0,4.0,No,No,1-3 Years,Q2,Average,0
EMP10381,38,Male,Research & Development,Research Scientist,Bachelor's,Divorced,4,4.3,6.1,91800.0,4.0,5.0,3.6,2,20.6,No,No,3-5 Years,Q4,Good,0
EMP10382,29,Male,Human Resources,HR Manager,Bachelor's,Divorced,2,2.8,5.0,62200.0,2.2,2.6,2.6,2,26.1,No,No,1-3 Years,Q2,Average,0
EMP10383,33,Female,Marketing,Marketing Specialist,Master's,Single,2,2.6,6.3,49100.0,1.3,3.0,2.9,2,18.3,Yes,No,1-3 Years,Q1,Average,0
EMP10384,38,Female,Marketing,Marketing Analyst,Bachelor's,Married,3,4.3,9.1,90500.0,3.5,3.7,4.1,7,10.0,Yes,No,3-5 Years,Q4,Excellent,0
EMP10385,28,Female,IT,Systems Analyst,Bachelor's,Married,3,2.3,7.8,64700.0,1.4,4.1,2.5,3,5.3,No,Yes,1-3 Years,Q2,Average,1
EMP10386,36,Male,Research & Development,R&D Manager,Master's,Single,2,4.2,9.0,78500.0,3.1,4.3,3.6,4,5.3,Yes,No,3-5 Years,Q3,Good,0
EMP10387,49,Male,Research & Development,Laboratory Technician,Bachelor's,Married,1,0.6,4.1,36700.0,3.2,2.8,1.9,1,6.2,Yes,No,<1 Year,Q1,Low,0
EMP10388,29,Male,Marketing,Marketing Analyst,Master's,Single,1,3.4,6.1,69100.0,4.8,2.3,4.5,4,1.6,Yes,Yes,3-5 Years,Q1,Excellent,1
EMP10389,44,Female,Human Resources,HR Manager,High School,Single,3,4.8,6.2,76900.0,2.9,4.3,2.2,1,18.8,No,No,3-5 Years,Q3,Average,0
EMP10390,26,Male,Finance,Accountant,Bachelor's,Married,4,5.3,7.6,88500.0,4.1,3.0,3.5,2,9.1,Yes,No,5-10 Years,Q4,Good,0
EMP10391,40,Male,Marketing,Marketing Analyst,Bachelor's,Married,5,10.9,16.5,129300.0,2.4,4.0,2.9,1,10.8,Yes,No,10+ Years,Q4,Average,0
EMP10392,22,Male,IT,Systems Analyst,High School,Single,1,1.3,1.2,41800.0,4.4,2.3,4.3,0,18.6,No,Yes,1-3 Years,Q1,Excellent,1
EMP10393,23,Male,Sales,Sales Manager,Master's,Married,3,3.2,7.7,77100.0,3.7,2.0,4.3,3,3.9,Yes,No,3-5 Years,Q3,Excellent,0
EMP10394,40,Male,IT,IT Manager,Bachelor's,Married,4,7.8,10.4,97300.0,3.1,3.1,3.0,4,7.0,No,No,5-10 Years,Q4,Average,0
EMP10395,48,Female,IT,Systems Analyst,Bachelor's,Single,3,3.9,4.4,88700.0,2.9,2.6,2.4,0,12.9,No,No,3-5 Years,Q4,Average,0
EMP10396,40,Male,Sales,Sales Representative,Bachelor's,Married,5,10.6,12.2,121300.0,1.3,2.1,3.9,3,2.9,No,No,10+ Years,Q4,Good,0
EMP10397,39,Male,IT,IT Manager,High School,Married,1,3.1,6.7,58900.0,3.2,4.2,3.1,2,18.4,No,No,3-5 Years,Q2,Good,0
EMP10398,44,Male,Research & Development,Laboratory Technician,Bachelor's,Married,3,4.8,8.6,79700.0,3.5,3.6,3.0,4,2.8,Yes,No,3-5 Years,Q3,Average,0
EMP10399,43,Female,Marketing,Marketing Manager,Bachelor's,Married,4,8.3,9.2,104700.0,2.1,3.6,4.0,2,13.3,No,No,5-10 Years,Q4,Good,0
EMP10400,36,Male,Human Resources,Recruiter,Master's,Married,4,5.5,10.1,100500.0,3.2,4.4,3.8,2,14.4,No,No,5-10 Years,Q4,Good,0
EMP10401,38,Male,Human Resources,HR Manager,High School,Single,1,2.1,3.7,52800.0,3.0,3.4,2.5,2,8.0,No,Yes,1-3 Years,Q1,Average,1
EMP10402,37,Male,IT,IT Support,Master's,Married,3,3.8,4.7,75900.0,3.4,2.0,2.9,1,5.0,No,No,3-5 Years,Q3,Average,0
EMP10403,39,Male,Marketing,Marketing Manager,High School,Married,3,8.8,10.6,88700.0,3.1,3.0,3.8,0,1.0,No,No,5-10 Years,Q4,Good,0
EMP10404,39,Male,Human Resources,HR Manager,PhD,Married,1,1.4,5.4,45400.0,3.8,3.6,2.5,1,2.1,No,No,1-3 Years,Q1,Average,0
EMP10405,28,Male,IT,Systems Analyst,Master's,Married,2,3.0,4.4,64800.0,3.9,2.8,3.3,2,1.2,No,No,1-3 Years,Q2,Good,0
EMP10406,36,Male,Sales,Sales Representative,Bachelor's,Single,2,4.0,5.7,61900.0,3.3,2.7,2.6,3,9.8,No,No,3-5 Years,Q2,Average,0
EMP10407,29,Male,Research & Development,Laboratory Technician,Master's,Single,2,3.2,3.9,69000.0,2.8,3.6,3.1,4,2.6,Yes,No,3-5 Years,Q2,Good,0
EMP10408,25,Male,Research & Development,Research Scientist,Bachelor's,Married,2,4.2,7.7,70500.0,4.5,3.6,3.1,4,8.1,No,No,3-5 Years,Q3,Good,0
EMP10409,46,Male,Research & Development,R&D Manager,Master's,Single,3,6.2,8.1,79800.0,2.8,3.7,3.0,2,6.3,No,No,5-10 Years,Q3,Average,0
EMP10410,29,Male,Marketing,Marketing Manager,Master's,Married,2,1.6,6.9,64900.0,3.7,3.3,4.2,3,6.4,No,No,1-3 Years,Q2,Excellent,0
EMP10411,44,Female,Marketing,Marketing Specialist,Bachelor's,Single,2,5.8,7.8,75200.0,3.7,3.0,3.9,2,13.2,No,No,5-10 Years,Q3,Good,0
EMP10412,40,Female,IT,IT Support,Master's,Married,4,9.2,10.5,105700.0,3.3,2.7,3.7,2,12.3,Yes,No,5-10 Years,Q4,Good,0
EMP10413,40,Male,Sales,Sales Executive,Master's,Married,2,0.5,4.8,57800.0,2.5,2.8,4.0,6,33.2,No,Yes,<1 Year,Q2,Good,1
EMP10414,40,Female,Marketing,Marketing Analyst,Bachelor's,Divorced,3,4.9,5.4,71600.0,2.8,4.3,2.9,4,6.5,No,No,3-5 Years,Q3,Average,0
EMP10415,26,Female,IT,Software Engineer,Bachelor's,Single,1,3.3,7.2,48300.0,1.8,1.4,3.3,2,4.9,No,No,3-5 Years,Q1,Good,0
EMP10416,51,Female,IT,IT Manager,Bachelor's,Single,5,8.8,11.2,116700.0,3.6,2.3,2.6,2,5.3,No,No,5-10 Years,Q4,Average,0
EMP10417,42,Female,Sales,Sales Representative,Master's,Married,3,2.1,5.2,84000.0,3.5,2.3,3.0,2,7.1,No,No,1-3 Years,Q3,Average,0
EMP10418,40,Female,Human Resources,Recruiter,Bachelor's,Single,3,7.1,9.7,97200.0,2.7,3.0,2.8,2,4.4,No,No,5-10 Years,Q4,Average,0
EMP10419,32,Male,Human Resources,HR Specialist,Bachelor's,Single,2,1.2,3.3,65100.0,3.9,3.8,3.3,1,5.5,No,No,1-3 Years,Q2,Good,0
EMP10420,43,Male,Sales,Sales Executive,PhD,Single,2,3.7,5.2,58600.0,1.0,3.5,3.9,5,4.7,No,Yes,3-5 Years,Q2,Good,1
EMP10421,29,Female,Research & Development,Research Scientist,Bachelor's,Single,1,3.2,4.3,44800.0,3.3,2.9,2.9,5,4.7,No,No,3-5 Years,Q1,Average,0
EMP10422,42,Male,Research & Development,Research Scientist,Master's,Married,2,0.9,3.0,56700.0,3.2,2.7,3.8,6,6.9,Yes,No,<1 Year,Q2,Good,0
EMP10423,37,Male,Marketing,Marketing Analyst,Bachelor's,Married,4,8.5,12.4,110600.0,4.0,3.7,3.2,4,17.8,No,No,5-10 Years,Q4,Good,0
EMP10424,25,Male,Human Resources,HR Manager,Bachelor's,Single,2,1.6,2.7,56100.0,4.4,3.1,2.3,4,13.8,No,No,1-3 Years,Q2,Average,0
EMP10425,44,Female,Sales,Sales Representative,Master's,Married,1,0.7,5.1,36800.0,3.6,2.2,2.7,5,15.5,No,No,<1 Year,Q1,Average,0
EMP10426,31,Female,Research & Development,R&D Manager,PhD,Single,2,1.2,6.2,61800.0,3.7,3.3,2.2,5,20.8,No,No,1-3 Years,Q2,Average,0
EMP10427,34,Female,Sales,Sales Executive,Bachelor's,Married,4,7.9,8.8,103500.0,2.7,2.1,2.7,6,8.7,No,No,5-10 Years,Q4,Average,0
EMP10428,29,Male,Research & Development,R&D Manager,Bachelor's,Married,2,5.4,6.0,55200.0,3.3,3.3,2.5,1,2.5,Yes,No,5-10 Years,Q2,Average,0
EMP10429,21,Female,Research & Development,Research Scientist,Bachelor's,Married,3,3.7,6.6,85200.0,2.4,2.8,2.8,3,17.0,No,No,3-5 Years,Q3,Average,0
EMP10430,31,Male,IT,IT Support,Bachelor's,Married,4,10.1,12.3,96900.0,2.1,3.4,2.7,4,11.8,No,No,10+ Years,Q4,Average,0
EMP10431,28,Female,Finance,Accountant,Bachelor's,Single,3,5.0,4.5,81600.0,2.6,3.2,3.3,3,17.4,No,No,3-5 Years,Q3,Good,0
EMP10432,28,Male,IT,Software Engineer,High School,Married,5,11.0,11.0,125500.0,3.2,1.7,5.0,6,5.7,No,No,10+ Years,Q4,Excellent,0
EMP10433,20,Female,Sales,Sales Representative,Bachelor's,Married,2,3.8,8.4,69100.0,3.6,2.5,3.7,5,3.8,No,No,3-5 Years,Q2,Good,0
EMP10434,39,Female,Sales,Sales Representative,Master's,Single,2,1.5,2.9,66300.0,2.1,4.3,2.7,3,4.9,No,No,1-3 Years,Q2,Average,0
EMP10435,37,Male,IT,Software Engineer,Bachelor's,Single,3,3.9,6.5,78600.0,2.2,3.4,4.1,5,32.9,Yes,No,3-5 Years,Q3,Excellent,0
EMP10436,32,Male,Finance,Finance Manager,PhD,Married,3,4.6,6.0,84100.0,3.4,3.5,2.8,1,12.4,No,No,3-5 Years,Q3,Average,0
EMP10437,28,Female,Research & Development,Research Scientist,Bachelor's,Married,5,10.8,11.2,124000.0,2.9,3.1,2.2,7,2.7,No,No,10+ Years,Q4,Average,0
EMP10438,41,Male,Finance,Financial Analyst,Bachelor's,Single,5,8.1,9.8,115900.0,2.7,3.2,3.3,3,10.8,No,No,5-10 Years,Q4,Good,0
EMP10439,28,Female,IT,Systems Analyst,High School,Married,4,8.4,10.7,99900.0,3.6,4.2,3.4,3,15.9,No,No,5-10 Years,Q4,Good,0
EMP10440,27,Male,IT,Systems Analyst,PhD,Single,2,2.9,6.8,62700.0,3.5,4.2,2.8,1,5.3,No,No,1-3 Years,Q2,Average,0
EMP10441,21,Male,Marketing,Marketing Manager,Master's,Married,2,4.0,8.2,47800.0,2.5,2.9,2.6,4,4.5,No,Yes,3-5 Years,Q1,Average,1
EMP10442,46,Male,IT,Software Engineer,PhD,Single,5,10.2,14.7,128900.0,2.7,5.0,3.4,3,7.9,Yes,No,10+ Years,Q4,Good,0
EMP10443,31,Female,Human Resources,HR Specialist,Bachelor's,Divorced,4,6.0,10.6,97000.0,2.4,3.4,1.2,3,6.9,No,No,5-10 Years,Q4,Low,0
EMP10444,42,Male,IT,IT Manager,Master's,Single,2,1.2,2.4,64700.0,4.4,3.5,3.5,3,11.0,No,No,1-3 Years,Q2,Good,0
EMP10445,38,Male,Research & Development,R&D Manager,Bachelor's,Married,2,3.4,3.6,70900.0,3.2,2.8,4.0,1,4.5,Yes,No,3-5 Years,Q3,Good,0
EMP10446,24,Male,Sales,Sales Manager,Bachelor's,Single,2,5.1,7.6,75200.0,2.9,2.5,3.6,2,1.6,No,No,5-10 Years,Q3,Good,0
EMP10447,36,Female,Sales,Sales Executive,Bachelor's,Single,3,3.9,5.6,77100.0,2.7,3.7,3.2,2,2.1,Yes,No,3-5 Years,Q3,Good,0
EMP10448,36,Male,Human Resources,Recruiter,PhD,Single,5,9.6,12.0,103300.0,3.4,3.2,3.7,10,21.5,Yes,No,5-10 Years,Q4,Good,0
EMP10449,43,Male,Marketing,Marketing Specialist,Bachelor's,Married,3,3.5,11.3,82200.0,3.9,1.6,3.3,2,1.7,No,No,3-5 Years,Q3,Good,0
EMP10450,34,Male,Human Resources,HR Manager,High School,Single,1,6.6,12.5,51600.0,1.0,3.2,2.9,2,1.8,No,No,5-10 Years,Q1,Average,0
EMP10451,36,Male,Sales,Sales Manager,Bachelor's,Divorced,3,4.5,4.4,85500.0,4.0,4.0,3.0,3,6.3,Yes,Yes,3-5 Years,Q3,Average,1
EMP10452,31,Male,Finance,Finance Manager,Bachelor's,Single,2,3.8,6.4,68400.0,2.2,4.3,4.4,2,5.1,No,No,3-5 Years,Q2,Excellent,0
EMP10453,36,Female,Finance,Financial Analyst,Bachelor's,Married,2,1.6,5.7,52300.0,4.3,3.9,3.4,1,6.4,Yes,Yes,1-3 Years,Q1,Good,1
EMP10454,36,Female,Marketing,Marketing Manager,Master's,Single,1,1.6,0.4,37100.0,3.8,2.6,4.1,1,1.0,Yes,No,1-3 Years,Q1,Excellent,0
EMP10455,32,Female,Research & Development,Research Scientist,Master's,Single,3,6.3,8.3,78400.0,4.8,2.6,4.1,1,9.7,No,No,5-10 Years,Q3,Excellent,0
EMP10456,44,Male,Sales,Sales Manager,Master's,Single,2,3.8,9.7,64600.0,5.0,2.0,2.9,4,26.2,Yes,No,3-5 Years,Q2,Average,0
EMP10457,30,Male,IT,Software Engineer,High School,Married,1,1.4,3.4,34300.0,2.6,3.9,3.8,4,5.3,No,No,1-3 Years,Q1,Good,0
EMP10458,56,Male,IT,Software Engineer,Bachelor's,Single,5,9.9,14.0,125300.0,3.1,2.6,4.2,4,8.4,No,Yes,5-10 Years,Q4,Excellent,1
EMP10459,36,Male,Human Resources,HR Specialist,Master's,Married,1,2.4,7.3,44000.0,1.8,3.3,3.6,5,16.1,No,No,1-3 Years,Q1,Good,0
EMP10460,23,Male,Finance,Accountant,High School,Single,2,1.5,6.2,61900.0,2.6,1.8,3.4,2,1.5,No,No,1-3 Years,Q2,Good,0
EMP10461,28,Female,IT,Software Engineer,Master's,Single,2,4.2,8.2,69100.0,3.0,3.2,4.5,3,12.4,No,No,3-5 Years,Q2,Excellent,0
EMP10462,39,Female,Marketing,Marketing Specialist,Master's,Married,5,10.9,15.0,120100.0,3.2,4.5,3.9,0,5.3,No,No,10+ Years,Q4,Good,0
EMP10463,36,Female,IT,IT Support,Bachelor's,Divorced,2,3.6,5.9,61800.0,2.5,2.5,2.4,5,3.2,No,No,3-5 Years,Q2,Average,0
EMP10464,34,Male,Sales,Sales Representative,Bachelor's,Single,1,0.7,4.5,38600.0,2.2,2.9,3.6,3,19.4,No,No,<1 Year,Q1,Good,0
EMP10465,32,Female,Research & Development,Research Scientist,Bachelor's,Single,3,7.4,9.8,80700.0,4.6,1.8,3.6,3,7.2,Yes,No,5-10 Years,Q3,Good,0
EMP10466,43,Female,Research & Development,R&D Manager,Master's,Married,1,2.7,2.0,37400.0,2.8,2.6,3.5,3,3.7,No,No,1-3 Years,Q1,Good,0
EMP10467,33,Female,Research & Development,R&D Manager,Bachelor's,Single,1,2.1,5.1,42600.0,2.7,3.6,4.0,4,9.5,Yes,No,1-3 Years,Q1,Good,0
EMP10468,30,Male,Research & Development,R&D Manager,PhD,Married,5,11.1,15.0,131400.0,3.1,2.0,4.3,4,11.6,Yes,No,10+ Years,Q4,Excellent,0
EMP10469,40,Female,Sales,Sales Representative,Master's,Divorced,1,2.4,4.4,53300.0,3.2,3.0,2.9,5,8.1,No,No,1-3 Years,Q1,Average,0
EMP10470,23,Female,Research & Development,Laboratory Technician,High School,Single,2,1.5,0.0,57000.0,2.7,2.0,4.2,6,6.6,No,No,1-3 Years,Q2,Excellent,0
EMP10471,31,Female,Research & Development,Laboratory Technician,Bachelor's,Single,2,4.1,6.5,60700.0,3.4,2.2,3.1,5,4.0,No,No,3-5 Years,Q2,Good,0
EMP10472,35,Female,Research & Development,R&D Manager,Bachelor's,Married,2,4.4,10.4,55500.0,3.0,2.6,2.0,3,8.0,No,No,3-5 Years,Q2,Low,0
EMP10473,28,Female,Marketing,Marketing Manager,Bachelor's,Single,2,3.1,6.3,44700.0,4.3,3.8,3.5,2,4.5,No,No,3-5 Years,Q1,Good,0
EMP10474,52,Male,Sales,Sales Representative,Bachelor's,Single,1,1.5,4.4,41200.0,3.6,4.3,3.0,5,11.0,Yes,No,1-3 Years,Q1,Average,0
EMP10475,35,Male,IT,Software Engineer,PhD,Married,4,3.2,4.0,85000.0,2.1,2.7,3.3,5,1.2,No,No,3-5 Years,Q3,Good,0
EMP10476,25,Female,Human Resources,Recruiter,Bachelor's,Married,4,4.9,4.7,98000.0,4.5,3.8,3.1,0,1.0,No,No,3-5 Years,Q4,Good,0
EMP10477,33,Male,IT,IT Support,Bachelor's,Married,4,11.6,14.5,113900.0,1.9,3.1,4.5,3,5.1,No,No,10+ Years,Q4,Excellent,0
EMP10478,33,Male,Marketing,Marketing Analyst,Bachelor's,Single,1,2.3,7.9,31000.0,2.9,3.1,2.6,7,3.1,No,No,1-3 Years,Q1,Average,0
EMP10479,29,Male,Human Resources,Recruiter,Master's,Single,3,6.3,10.2,83800.0,4.4,3.6,4.0,1,15.2,No,No,5-10 Years,Q3,Good,0
EMP10480,40,Male,Sales,Sales Executive,Master's,Married,1,1.3,0.6,30900.0,2.8,1.7,3.4,5,9.9,Yes,No,1-3 Years,Q1,Good,0
EMP10481,40,Male,Sales,Sales Executive,Bachelor's,Single,1,4.9,6.0,52500.0,3.7,4.4,3.8,2,25.4,Yes,No,3-5 Years,Q1,Good,0
EMP10482,35,Male,IT,Software Engineer,Master's,Married,3,3.6,8.1,72200.0,4.0,2.1,4.2,2,7.5,Yes,No,3-5 Years,Q3,Excellent,0
EMP10483,39,Female,Research & Development,R&D Manager,Master's,Married,2,2.3,5.3,56900.0,3.3,2.5,1.9,2,18.1,No,No,1-3 Years,Q2,Low,0
EMP10484,53,Female,Sales,Sales Executive,Bachelor's,Married,2,3.3,5.8,63100.0,2.3,2.1,3.4,3,15.7,Yes,No,3-5 Years,Q2,Good,0
EMP10485,37,Female,Sales,Sales Executive,Bachelor's,Single,2,3.8,5.2,60600.0,4.1,2.5,3.4,3,7.3,No,No,3-5 Years,Q2,Good,0
EMP10486,33,Male,Sales,Sales Representative,Bachelor's,Single,1,2.2,1.8,53700.0,3.6,4.3,2.7,2,9.5,No,No,1-3 Years,Q1,Average,0
EMP10487,36,Male,Finance,Financial Analyst,Master's,Married,2,2.0,3.1,58100.0,4.6,3.9,3.8,1,16.8,No,No,1-3 Years,Q2,Good,0
EMP10488,39,Male,Research & Development,Laboratory Technician,Bachelor's,Married,2,0.4,4.5,68800.0,2.7,2.6,3.3,2,6.6,No,No,<1 Year,Q2,Good,0
EMP10489,41,Female,Marketing,Marketing Manager,Bachelor's,Divorced,2,5.0,8.2,60300.0,4.9,3.7,4.4,5,9.2,Yes,No,3-5 Years,Q2,Excellent,0
EMP10490,44,Male,Finance,Finance Manager,Master's,Married,1,1.7,2.5,42700.0,2.5,2.9,3.2,2,5.3,Yes,Yes,1-3 Years,Q1,Good,1
EMP10491,39,Male,Human Resources,HR Specialist,PhD,Married,2,5.4,7.5,69000.0,3.2,2.6,3.2,3,16.1,No,No,5-10 Years,Q2,Good,0
EMP10492,46,Male,Research & Development,Research Scientist,PhD,Divorced,1,2.1,4.1,44000.0,3.9,2.3,3.9,1,15.4,Yes,No,1-3 Years,Q1,Good,0
EMP10493,42,Male,Research & Development,R&D Manager,PhD,Married,1,2.6,5.7,50000.0,5.0,2.9,1.8,3,2.2,No,Yes,1-3 Years,Q1,Low,1
EMP10494,48,Female,Finance,Accountant,High School,Married,1,0.7,4.3,43500.0,5.0,1.7,4.5,4,9.1,No,No,<1 Year,Q1,Excellent,0
EMP10495,20,Female,Research & Development,Research Scientist,High School,Single,4,10.0,12.5,112700.0,4.2,2.0,3.7,2,7.6,No,No,5-10 Years,Q4,Good,0
EMP10496,31,Male,IT,Systems Analyst,Bachelor's,Married,3,9.8,12.1,91700.0,2.8,3.9,3.2,2,7.6,Yes,No,5-10 Years,Q4,Good,0
EMP10497,36,Male,Human Resources,HR Manager,Bachelor's,Single,1,3.0,1.7,39500.0,3.4,2.8,4.2,1,16.4,No,No,1-3 Years,Q1,Excellent,0
EMP10498,28,Female,Sales,Sales Executive,Bachelor's,Married,2,1.4,5.0,66400.0,2.0,4.0,3.8,9,14.8,Yes,Yes,1-3 Years,Q2,Good,1
EMP10499,34,Male,Research & Development,R&D Manager,Master's,Married,1,1.7,3.0,46900.0,2.2,3.0,2.4,3,22.7,No,No,1-3 Years,Q1,Average,0
EMP10500,34,Female,Human Resources,HR Manager,Bachelor's,Single,4,8.7,13.2,101600.0,3.4,2.7,4.2,4,21.8,No,No,5-10 Years,Q4,Excellent,0
EMP10501,49,Male,Marketing,Marketing Analyst,Bachelor's,Single,1,1.0,2.9,32700.0,3.3,4.8,3.6,5,11.5,No,No,<1 Year,Q1,Good,0
EMP10502,28,Male,Finance,Accountant,High School,Single,3,4.5,5.2,89900.0,3.3,2.0,3.5,2,4.7,No,No,3-5 Years,Q4,Good,0
EMP10503,31,Male,Finance,Accountant,Bachelor's,Single,3,5.1,8.7,78800.0,3.5,1.3,4.2,2,29.0,No,No,5-10 Years,Q3,Excellent,0
EMP10504,37,Male,Finance,Accountant,Bachelor's,Married,2,5.5,9.5,60100.0,3.8,3.0,3.5,5,2.6,No,No,5-10 Years,Q2,Good,0
EMP10505,26,Male,Human Resources,HR Specialist,High School,Married,3,5.2,11.9,74100.0,3.3,3.6,2.9,0,16.0,No,No,5-10 Years,Q3,Average,0
EMP10506,42,Female,Sales,Sales Executive,PhD,Married,3,9.2,12.7,95200.0,3.7,2.6,4.3,3,5.5,No,No,5-10 Years,Q4,Excellent,0
EMP10507,32,Male,Research & Development,Research Scientist,Master's,Single,2,0.8,6.3,54300.0,3.2,3.6,3.2,3,3.8,No,No,<1 Year,Q1,Good,0
EMP10508,37,Male,Sales,Sales Representative,High School,Married,2,6.4,9.7,70600.0,2.1,3.3,4.5,2,17.9,No,No,5-10 Years,Q3,Excellent,0
EMP10509,20,Female,IT,Software Engineer,High School,Divorced,2,2.9,2.6,66100.0,2.8,3.4,3.7,3,19.5,No,No,1-3 Years,Q2,Good,0
EMP10510,34,Male,Finance,Financial Analyst,Master's,Divorced,3,3.2,4.1,76000.0,3.3,3.2,3.2,5,6.3,No,No,3-5 Years,Q3,Good,0
EMP10511,30,Male,Marketing,Marketing Manager,Bachelor's,Single,5,11.3,15.7,124100.0,1.8,2.2,2.5,4,2.3,Yes,No,10+ Years,Q4,Average,0
EMP10512,43,Female,Marketing,Marketing Specialist,Master's,Married,3,3.2,4.0,77700.0,3.7,3.2,4.1,6,11.1,No,No,3-5 Years,Q3,Excellent,0
EMP10513,25,Male,Sales,Sales Executive,Bachelor's,Single,1,2.3,3.4,49800.0,2.4,3.5,3.8,3,4.6,Yes,Yes,1-3 Years,Q1,Good,1
EMP10514,37,Male,Research & Development,Research Scientist,Master's,Divorced,1,4.2,6.6,43800.0,3.6,1.9,3.1,2,3.0,No,No,3-5 Years,Q1,Good,0
EMP10515,40,Female,Research & Development,Research Scientist,Bachelor's,Single,1,3.2,4.9,45000.0,3.3,4.1,4.4,7,6.7,No,No,3-5 Years,Q1,Excellent,0
EMP10516,37,Female,Human Resources,HR Manager,Bachelor's,Married,3,4.4,6.9,85600.0,1.7,2.0,4.6,2,2.4,No,No,3-5 Years,Q3,Excellent,0
EMP10517,36,Male,Sales,Sales Executive,High School,Married,1,1.8,2.9,52000.0,3.7,1.5,3.3,3,23.1,No,No,1-3 Years,Q1,Good,0
EMP10518,39,Male,Research & Development,Research Scientist,Bachelor's,Married,3,7.2,7.2,85700.0,3.3,3.9,3.3,1,1.5,No,No,5-10 Years,Q3,Good,0
EMP10519,36,Male,Marketing,Marketing Manager,Bachelor's,Divorced,1,1.6,5.5,45500.0,2.9,3.3,2.1,1,20.1,No,No,1-3 Years,Q1,Average,0
EMP10520,33,Female,IT,Software Engineer,Bachelor's,Married,1,0.9,4.4,50700.0,1.9,1.5,3.0,4,4.1,No,No,<1 Year,Q1,Average,0
EMP10521,30,Male,Human Resources,HR Specialist,Master's,Married,1,1.8,2.7,39200.0,2.3,3.0,2.3,3,19.5,No,No,1-3 Years,Q1,Average,0
EMP10522,28,Female,IT,Systems Analyst,Master's,Single,3,2.4,5.8,76400.0,2.2,1.1,1.9,2,13.7,No,Yes,1-3 Years,Q3,Low,1
EMP10523,47,Male,Human Resources,Recruiter,Master's,Single,2,2.7,0.5,55300.0,3.0,2.2,2.6,2,16.6,Yes,Yes,1-3 Years,Q2,Average,1
EMP10524,28,Male,Sales,Sales Executive,Bachelor's,Married,3,3.2,7.5,68400.0,2.0,2.7,3.0,4,3.7,No,No,3-5 Years,Q2,Average,0
EMP10525,50,Male,Sales,Sales Executive,Bachelor's,Single,4,6.8,7.8,94400.0,3.3,4.0,3.2,2,15.2,Yes,No,5-10 Years,Q4,Good,0
EMP10526,36,Male,Finance,Accountant,Bachelor's,Single,2,1.1,0.5,45600.0,1.8,2.1,3.4,2,20.3,No,No,1-3 Years,Q1,Good,0
EMP10527,51,Male,IT,Systems Analyst,PhD,Married,2,6.6,10.1,72400.0,3.3,2.9,3.1,3,21.0,No,Yes,5-10 Years,Q3,Good,1
EMP10528,39,Female,IT,IT Manager,Bachelor's,Married,4,7.4,8.2,79900.0,3.6,2.1,3.0,1,3.1,No,No,5-10 Years,Q3,Average,0
EMP10529,36,Male,Finance,Finance Manager,High School,Married,2,1.7,2.4,62900.0,3.0,4.2,3.6,4,8.4,No,Yes,1-3 Years,Q2,Good,1
EMP10530,43,Male,IT,IT Manager,Bachelor's,Married,3,5.1,9.6,81900.0,3.1,3.1,3.5,6,8.5,No,No,5-10 Years,Q3,Good,0
EMP10531,47,Female,Research & Development,R&D Manager,Master's,Single,1,2.5,4.6,48000.0,1.8,3.1,4.2,4,19.7,No,No,1-3 Years,Q1,Excellent,0
EMP10532,48,Male,Research & Development,Laboratory Technician,Bachelor's,Married,2,2.1,6.9,59800.0,2.7,2.7,3.2,4,11.9,No,No,1-3 Years,Q2,Good,0
EMP10533,33,Female,Sales,Sales Representative,PhD,Single,3,4.6,5.8,72800.0,3.9,3.7,3.7,2,3.9,No,No,3-5 Years,Q3,Good,0
EMP10534,53,Male,Research & Development,R&D Manager,Master's,Single,4,3.7,9.3,100400.0,4.0,2.6,2.9,2,8.6,No,No,3-5 Years,Q4,Average,0
EMP10535,28,Male,IT,Systems Analyst,PhD,Divorced,4,4.6,9.5,101600.0,1.3,1.8,2.2,3,13.6,No,No,3-5 Years,Q4,Average,0
EMP10536,49,Female,Research & Development,R&D Manager,Master's,Single,1,1.2,0.6,38200.0,2.3,4.0,3.9,4,9.7,Yes,Yes,1-3 Years,Q1,Good,1
EMP10537,39,Male,IT,IT Support,PhD,Divorced,2,7.4,14.6,67300.0,3.1,4.1,3.8,4,21.7,No,Yes,5-10 Years,Q2,Good,1
EMP10538,35,Male,Finance,Accountant,Master's,Married,3,3.9,6.2,75800.0,5.0,4.4,4.2,2,2.1,Yes,No,3-5 Years,Q3,Excellent,0
EMP10539,30,Female,Marketing,Marketing Analyst,Bachelor's,Single,4,8.0,8.9,99900.0,2.4,2.4,2.8,3,3.7,No,No,5-10 Years,Q4,Average,0
EMP10540,41,Male,Finance,Finance Manager,Bachelor's,Married,1,5.4,11.1,48800.0,2.5,3.3,3.4,2,7.4,Yes,No,5-10 Years,Q1,Good,0
EMP10541,49,Male,Marketing,Marketing Specialist,Bachelor's,Married,2,1.6,2.9,48300.0,1.8,2.1,3.8,1,6.0,Yes,No,1-3 Years,Q1,Good,0
EMP10542,41,Female,Research & Development,Laboratory Technician,Bachelor's,Single,4,7.9,8.3,93600.0,2.4,4.4,3.0,2,12.4,No,No,5-10 Years,Q4,Average,0
EMP10543,44,Male,Human Resources,Recruiter,Master's,Single,3,1.8,3.8,78800.0,2.3,3.0,3.5,5,2.9,Yes,No,1-3 Years,Q3,Good,0
EMP10544,21,Female,IT,Systems Analyst,Bachelor's,Single,5,19.3,24.9,147500.0,4.4,2.6,3.5,5,1.5,No,No,10+ Years,Q4,Good,0
EMP10545,45,Female,Research & Development,Laboratory Technician,Master's,Married,2,7.3,13.8,72900.0,2.9,2.8,1.9,1,2.3,No,No,5-10 Years,Q3,Low,0
EMP10546,34,Female,Human Resources,HR Specialist,Bachelor's,Married,2,1.8,1.7,56200.0,2.9,3.6,2.9,1,2.9,Yes,No,1-3 Years,Q2,Average,0
EMP10547,22,Male,IT,IT Support,Bachelor's,Divorced,5,12.6,10.8,131400.0,4.2,3.0,3.3,4,1.2,Yes,No,10+ Years,Q4,Good,0
EMP10548,42,Female,Sales,Sales Representative,Bachelor's,Married,3,4.9,4.0,79300.0,3.4,2.9,2.8,4,6.9,No,No,3-5 Years,Q3,Average,0
EMP10549,46,Male,Sales,Sales Manager,PhD,Married,2,4.8,6.1,73500.0,3.5,2.2,4.2,3,1.4,No,No,3-5 Years,Q3,Excellent,0
EMP10550,35,Male,Finance,Accountant,Bachelor's,Married,4,6.3,8.7,92700.0,2.9,3.3,3.8,2,19.9,No,No,5-10 Years,Q4,Good,0
EMP10551,42,Male,Research & Development,Laboratory Technician,Master's,Married,2,5.5,9.4,70100.0,1.9,3.4,3.4,4,8.7,No,Yes,5-10 Years,Q3,Good,1
EMP10552,27,Female,Research & Development,R&D Manager,Master's,Married,1,1.5,1.9,31300.0,4.2,3.2,4.2,7,26.5,Yes,No,1-3 Years,Q1,Excellent,0
EMP10553,25,Male,Finance,Accountant,Master's,Single,4,6.2,10.9,89000.0,3.2,3.7,2.7,0,12.5,Yes,No,5-10 Years,Q4,Average,0
EMP10554,30,Female,Human Resources,Recruiter,Bachelor's,Single,1,5.3,8.1,56300.0,4.6,2.1,3.1,6,27.0,Yes,No,5-10 Years,Q2,Good,0
EMP10555,24,Female,Finance,Finance Manager,High School,Single,3,6.2,8.6,79700.0,4.2,2.1,3.6,3,20.8,No,No,5-10 Years,Q3,Good,0
EMP10556,48,Male,Marketing,Marketing Manager,Bachelor's,Single,2,0.8,5.6,57000.0,4.5,2.6,2.7,1,7.1,No,No,<1 Year,Q2,Average,0
EMP10557,34,Male,Human Resources,Recruiter,Master's,Single,2,4.3,3.0,75300.0,4.9,3.2,2.6,6,13.2,Yes,No,3-5 Years,Q3,Average,0
EMP10558,28,Female,Research & Development,R&D Manager,Bachelor's,Single,3,1.8,3.3,80400.0,3.1,2.0,2.8,3,7.8,No,Yes,1-3 Years,Q3,Average,1
EMP10559,25,Male,IT,IT Manager,PhD,Single,3,3.9,2.9,80000.0,4.1,3.9,4.7,4,3.0,Yes,No,3-5 Years,Q3,Excellent,0
EMP10560,33,Male,Finance,Accountant,High School,Single,2,2.8,5.9,58800.0,3.9,3.1,3.4,2,18.1,No,No,1-3 Years,Q2,Good,0
EMP10561,30,Female,Sales,Sales Executive,Master's,Married,1,2.2,3.6,46100.0,3.5,4.6,3.5,1,22.0,No,No,1-3 Years,Q1,Good,0
EMP10562,20,Female,Human Resources,HR Specialist,Bachelor's,Divorced,3,7.7,13.7,75600.0,5.0,1.3,4.4,3,3.6,Yes,No,5-10 Years,Q3,Excellent,0
EMP10563,30,Female,Finance,Finance Manager,High School,Single,2,4.0,5.2,63900.0,4.5,3.2,3.6,3,24.5,No,No,3-5 Years,Q2,Good,0
EMP10564,44,Female,Marketing,Marketing Manager,Master's,Divorced,3,3.1,3.0,80600.0,2.1,3.6,4.4,1,3.7,Yes,No,3-5 Years,Q3,Excellent,0
EMP10565,41,Male,Sales,Sales Representative,Bachelor's,Married,5,14.2,15.7,130700.0,3.2,3.1,3.3,4,16.6,No,No,10+ Years,Q4,Good,0
EMP10566,46,Male,Finance,Financial Analyst,Bachelor's,Married,4,11.1,11.6,104000.0,2.9,3.5,4.0,7,27.4,No,No,10+ Years,Q4,Good,0
EMP10567,44,Female,IT,IT Support,Master's,Married,2,5.3,8.0,70200.0,4.4,3.7,3.9,3,7.2,Yes,No,5-10 Years,Q3,Good,0
EMP10568,38,Male,Human Resources,Recruiter,Bachelor's,Married,2,3.0,2.5,62700.0,3.9,2.6,3.6,3,13.7,No,No,1-3 Years,Q2,Good,0
EMP10569,26,Female,IT,Software Engineer,Master's,Married,3,5.8,4.6,93300.0,3.9,1.6,3.1,3,8.0,Yes,No,5-10 Years,Q4,Good,0
EMP10570,40,Female,Sales,Sales Executive,Bachelor's,Married,1,2.9,4.5,39600.0,3.9,3.8,3.1,4,8.8,No,No,1-3 Years,Q1,Good,0
EMP10571,35,Female,IT,Systems Analyst,Master's,Single,3,5.7,9.6,86400.0,2.6,2.9,2.0,3,14.6,Yes,No,5-10 Years,Q3,Low,0
EMP10572,37,Male,Sales,Sales Manager,Bachelor's,Married,1,2.4,6.7,43900.0,4.7,3.1,2.8,2,18.0,No,No,1-3 Years,Q1,Average,0
EMP10573,53,Male,Finance,Finance Manager,High School,Single,2,3.1,8.0,64500.0,2.8,3.5,2.9,6,11.4,No,No,3-5 Years,Q2,Average,0
EMP10574,42,Male,Finance,Finance Manager,Master's,Married,2,3.1,6.9,62600.0,3.5,2.5,3.1,2,5.0,No,No,3-5 Years,Q2,Good,0
EMP10575,51,Male,Research & Development,Laboratory Technician,Master's,Single,2,3.7,8.3,58300.0,4.4,3.0,3.5,2,16.0,No,Yes,3-5 Years,Q2,Good,1
EMP10576,30,Male,Research & Development,Research Scientist,Master's,Married,3,5.6,5.2,73700.0,4.1,4.6,2.9,5,19.3,No,Yes,5-10 Years,Q3,Average,1
EMP10577,28,Male,IT,IT Manager,Bachelor's,Single,3,7.0,11.8,83300.0,2.0,2.9,2.9,2,8.3,No,No,5-10 Years,Q3,Average,0
EMP10578,36,Female,Research & Development,Laboratory Technician,Bachelor's,Single,2,3.4,11.8,62000.0,4.8,3.2,2.4,4,13.4,No,No,3-5 Years,Q2,Average,0
EMP10579,41,Male,Research & Development,Laboratory Technician,Bachelor's,Single,3,6.8,8.8,80200.0,3.9,2.4,3.4,2,26.0,No,No,5-10 Years,Q3,Good,0
EMP10580,37,Female,IT,Systems Analyst,Bachelor's,Single,1,1.9,3.4,35500.0,3.5,3.3,3.8,2,15.1,No,No,1-3 Years,Q1,Good,0
EMP10581,39,Female,Research & Development,Research Scientist,Master's,Single,3,4.6,7.6,92700.0,3.8,5.0,3.8,3,9.0,Yes,No,3-5 Years,Q4,Good,0
EMP10582,51,Male,Research & Development,Laboratory Technician,High School,Married,1,1.7,7.0,41300.0,3.3,3.4,2.5,2,5.2,Yes,No,1-3 Years,Q1,Average,0
EMP10583,38,Female,Marketing,Marketing Analyst,Master's,Married,2,4.1,7.5,58900.0,4.5,3.2,4.1,1,4.1,No,No,3-5 Years,Q2,Excellent,0
EMP10584,31,Female,Research & Development,Laboratory Technician,Bachelor's,Single,4,4.2,4.0,102100.0,1.6,1.8,1.9,1,17.7,Yes,No,3-5 Years,Q4,Low,0
EMP10585,34,Female,Finance,Finance Manager,Master's,Married,1,1.0,2.8,45100.0,1.3,4.0,2.0,3,2.2,No,Yes,<1 Year,Q1,Low,1
EMP10586,47,Male,IT,IT Manager,Bachelor's,Single,1,0.5,2.1,40400.0,3.3,3.4,1.8,4,8.7,No,No,<1 Year,Q1,Low,0
EMP10587,37,Female,Research & Development,R&D Manager,Bachelor's,Married,4,9.3,13.2,100400.0,2.0,3.1,3.9,3,19.4,No,No,5-10 Years,Q4,Good,0
EMP10588,35,Female,Marketing,Marketing Manager,Bachelor's,Divorced,5,10.5,12.4,117800.0,2.9,3.1,3.4,8,11.3,No,No,10+ Years,Q4,Good,0
EMP10589,23,Female,IT,Systems Analyst,Bachelor's,Divorced,1,0.4,1.0,36100.0,4.1,3.8,3.8,2,28.2,No,No,<1 Year,Q1,Good,0
EMP10590,44,Male,Finance,Accountant,Master's,Single,3,4.8,14.2,78300.0,4.9,3.0,3.9,4,2.3,Yes,No,3-5 Years,Q3,Good,0
EMP10591,37,Male,Research & Development,Laboratory Technician,Bachelor's,Married,2,2.2,2.1,70500.0,3.9,3.7,2.1,2,26.2,Yes,Yes,1-3 Years,Q3,Average,1
EMP10592,53,Male,Research & Development,Laboratory Technician,Bachelor's,Married,5,8.7,11.7,122900.0,2.8,4.0,2.9,4,14.6,Yes,No,5-10 Years,Q4,Average,0
EMP10593,43,Male,Research & Development,Laboratory Technician,Master's,Single,3,1.7,3.8,65200.0,2.9,3.3,2.0,3,3.4,No,No,1-3 Years,Q2,Low,0
EMP10594,51,Male,Sales,Sales Manager,Master's,Married,1,0.3,2.2,44800.0,2.0,3.4,2.6,3,15.3,Yes,No,<1 Year,Q1,Average,0
EMP10595,27,Female,Marketing,Marketing Analyst,Master's,Single,2,0.5,5.3,67300.0,3.4,3.1,2.7,3,6.9,Yes,No,<1 Year,Q2,Average,0
EMP10596,33,Male,IT,Software Engineer,PhD,Married,2,10.4,12.8,83500.0,3.0,1.3,3.9,3,10.6,No,Yes,10+ Years,Q3,Good,1
EMP10597,31,Female,Sales,Sales Representative,PhD,Married,5,9.5,8.8,111200.0,3.1,2.4,3.7,4,27.3,No,No,5-10 Years,Q4,Good,0
EMP10598,48,Male,Marketing,Marketing Manager,Master's,Single,2,3.4,7.1,61700.0,4.0,3.4,2.1,3,12.3,Yes,No,3-5 Years,Q2,Average,0
EMP10599,40,Female,Research & Development,Research Scientist,Bachelor's,Married,3,5.0,9.9,73500.0,4.2,3.2,2.4,6,1.8,No,No,3-5 Years,Q3,Average,0
EMP10600,36,Male,Marketing,Marketing Manager,Master's,Single,2,3.1,8.4,63900.0,4.0,3.0,3.6,1,12.3,No,No,3-5 Years,Q2,Good,0
EMP10601,34,Male,Research & Development,R&D Manager,Master's,Single,3,7.8,11.5,88100.0,3.0,3.8,2.3,2,4.0,Yes,No,5-10 Years,Q4,Average,0
EMP10602,44,Male,Human Resources,HR Specialist,Bachelor's,Divorced,1,0.2,4.7,24400.0,3.1,2.0,3.2,2,7.6,Yes,No,<1 Year,Q1,Good,0
EMP10603,27,Male,Research & Development,Research Scientist,Bachelor's,Single,4,8.7,12.5,122400.0,3.5,3.3,2.9,6,2.1,No,No,5-10 Years,Q4,Average,0
EMP10604,27,Male,Sales,Sales Representative,Master's,Single,5,20.7,21.7,149700.0,3.3,3.8,3.3,5,8.3,Yes,No,10+ Years,Q4,Good,0
EMP10605,30,Female,IT,Systems Analyst,Bachelor's,Married,3,5.9,9.6,80100.0,3.6,2.4,2.8,5,8.6,Yes,No,5-10 Years,Q3,Average,0
EMP10606,29,Male,Marketing,Marketing Specialist,Bachelor's,Single,2,3.9,7.0,60700.0,2.7,2.5,4.3,5,6.0,Yes,No,3-5 Years,Q2,Excellent,0
EMP10607,35,Female,Sales,Sales Manager,Bachelor's,Married,2,2.4,5.8,66900.0,3.2,2.6,3.5,3,3.8,No,No,1-3 Years,Q2,Good,0
EMP10608,23,Male,Research & Development,Research Scientist,Bachelor's,Divorced,4,7.1,9.6,96100.0,3.3,3.6,3.8,0,12.4,No,No,5-10 Years,Q4,Good,0
EMP10609,31,Female,Sales,Sales Representative,High School,Married,1,3.9,7.8,53100.0,1.5,2.7,3.1,1,1.1,Yes,No,3-5 Years,Q1,Good,0
EMP10610,44,Male,Sales,Sales Manager,Master's,Divorced,1,3.2,2.8,40800.0,2.6,3.1,2.5,3,6.4,No,Yes,3-5 Years,Q1,Average,1
EMP10611,53,Female,Research & Development,Laboratory Technician,Bachelor's,Single,3,5.1,9.1,83800.0,2.2,4.0,4.1,2,5.3,No,No,5-10 Years,Q3,Excellent,0
EMP10612,26,Male,Sales,Sales Executive,Bachelor's,Single,5,14.2,17.3,125800.0,4.2,4.1,3.5,1,4.6,Yes,No,10+ Years,Q4,Good,0
EMP10613,41,Male,Sales,Sales Manager,Bachelor's,Divorced,5,16.4,18.2,151600.0,2.7,3.4,2.5,3,5.5,Yes,No,10+ Years,Q4,Average,0
EMP10614,41,Female,IT,IT Manager,Master's,Single,5,11.6,13.0,122900.0,3.0,3.5,2.3,1,7.1,No,Yes,10+ Years,Q4,Average,1
EMP10615,28,Male,IT,IT Support,Bachelor's,Married,2,3.6,8.0,58600.0,2.3,3.4,3.4,3,11.5,No,No,3-5 Years,Q2,Good,0
EMP10616,34,Male,Finance,Accountant,High School,Single,2,4.2,4.1,62600.0,3.4,3.6,3.5,2,8.4,No,No,3-5 Years,Q2,Good,0
EMP10617,40,Female,Sales,Sales Representative,High School,Divorced,1,3.6,5.8,52600.0,3.5,1.8,3.8,4,12.0,Yes,Yes,3-5 Years,Q1,Good,1
EMP10618,33,Male,Marketing,Marketing Specialist,Bachelor's,Married,1,1.3,1.3,37200.0,2.3,5.0,3.6,1,7.3,Yes,No,1-3 Years,Q1,Good,0
EMP10619,34,Male,Sales,Sales Executive,Master's,Married,1,1.4,2.2,31100.0,3.5,1.9,2.9,6,13.0,No,No,1-3 Years,Q1,Average,0
EMP10620,41,Male,Finance,Financial Analyst,Bachelor's,Married,1,2.4,3.7,41000.0,3.9,3.8,2.8,2,11.6,No,No,1-3 Years,Q1,Average,0
EMP10621,25,Female,Human Resources,HR Specialist,Master's,Single,2,6.6,8.5,74700.0,2.5,1.9,4.3,3,9.9,Yes,Yes,5-10 Years,Q3,Excellent,1
EMP10622,38,Male,Marketing,Marketing Manager,Bachelor's,Married,4,5.5,9.7,99400.0,1.9,3.3,3.8,3,20.8,No,No,5-10 Years,Q4,Good,0
EMP10623,28,Female,Research & Development,R&D Manager,Bachelor's,Married,2,3.4,7.3,63500.0,3.3,4.4,2.8,3,10.8,No,No,3-5 Years,Q2,Average,0
EMP10624,47,Male,Research & Development,Laboratory Technician,Master's,Married,4,6.8,5.8,101900.0,2.0,1.6,3.6,3,1.4,No,No,5-10 Years,Q4,Good,0
EMP10625,42,Female,Finance,Financial Analyst,Bachelor's,Married,2,4.1,5.7,59400.0,3.6,2.9,3.1,1,2.4,Yes,No,3-5 Years,Q2,Good,0
EMP10626,43,Female,IT,IT Manager,Master's,Married,1,1.8,6.2,40900.0,4.0,3.5,4.2,1,21.0,No,No,1-3 Years,Q1,Excellent,0
EMP10627,31,Female,Marketing,Marketing Analyst,Bachelor's,Married,4,10.2,11.7,106900.0,3.8,3.9,2.2,3,20.0,No,No,10+ Years,Q4,Average,0
EMP10628,42,Male,Marketing,Marketing Specialist,Bachelor's,Divorced,1,1.7,2.8,44100.0,2.4,2.7,2.2,5,4.2,No,Yes,1-3 Years,Q1,Average,1
EMP10629,24,Male,IT,Software Engineer,Master's,Single,3,5.5,9.6,75900.0,2.8,3.6,3.3,7,3.8,No,No,5-10 Years,Q3,Good,0
EMP10630,30,Female,Marketing,Marketing Specialist,Bachelor's,Married,2,1.4,7.0,65600.0,3.5,3.8,3.0,4,9.0,Yes,No,1-3 Years,Q2,Average,0
EMP10631,32,Male,Sales,Sales Manager,Bachelor's,Divorced,4,7.1,7.1,93200.0,2.4,3.3,3.1,1,23.3,No,No,5-10 Years,Q4,Good,0
EMP10632,37,Male,Sales,Sales Executive,High School,Married,2,0.6,0.0,46500.0,3.4,2.9,2.5,4,5.6,No,No,<1 Year,Q1,Average,0
EMP10633,31,Male,Sales,Sales Representative,Master's,Single,5,7.7,15.0,122800.0,3.2,3.8,2.5,3,5.4,Yes,No,5-10 Years,Q4,Average,0
EMP10634,30,Male,Research & Development,Laboratory Technician,Master's,Divorced,5,8.7,7.9,69100.0,2.7,2.8,3.3,4,13.7,Yes,No,5-10 Years,Q4,Good,0
EMP10635,48,Female,Research & Development,Research Scientist,PhD,Single,1,2.8,8.6,50200.0,4.1,2.7,2.3,3,10.5,No,No,1-3 Years,Q1,Average,0
EMP10636,43,Female,IT,Software Engineer,High School,Single,2,4.4,7.7,71500.0,2.9,3.6,3.7,4,1.7,Yes,Yes,3-5 Years,Q3,Good,1
EMP10637,46,Female,Research & Development,Laboratory Technician,Master's,Single,1,2.1,1.9,43400.0,3.2,3.1,3.4,2,3.0,Yes,No,1-3 Years,Q1,Good,0
EMP10638,52,Male,Marketing,Marketing Analyst,Bachelor's,Married,4,5.0,5.9,102900.0,3.6,3.4,1.7,5,10.4,No,No,3-5 Years,Q4,Low,0
EMP10639,20,Male,Sales,Sales Executive,Bachelor's,Single,3,6.2,10.3,75600.0,4.4,2.3,2.8,5,18.3,No,No,5-10 Years,Q3,Average,0
EMP10640,33,Female,Human Resources,HR Specialist,Bachelor's,Married,3,9.4,7.5,86600.0,3.4,4.5,4.0,4,8.4,No,No,5-10 Years,Q3,Good,0
EMP10641,50,Female,Research & Development,R&D Manager,Master's,Married,5,10.8,14.8,123800.0,4.3,1.8,4.2,2,16.4,No,No,10+ Years,Q4,Excellent,0
EMP10642,47,Female,Research & Development,R&D Manager,Bachelor's,Married,2,2.4,6.3,46000.0,2.6,3.5,4.3,3,1.0,No,No,1-3 Years,Q1,Excellent,0
EMP10643,43,Male,Marketing,Marketing Analyst,Master's,Married,2,4.1,8.9,69300.0,4.1,1.8,3.5,5,1.0,No,No,3-5 Years,Q3,Good,0
EMP10644,28,Female,Research & Development,R&D Manager,Bachelor's,Single,1,3.9,6.5,40100.0,2.9,1.7,2.0,3,21.8,Yes,No,3-5 Years,Q1,Low,0
EMP10645,32,Male,Finance,Finance Manager,Bachelor's,Married,4,3.8,3.2,97400.0,2.8,2.9,2.6,1,7.8,No,No,3-5 Years,Q4,Average,0
EMP10646,34,Female,Research & Development,R&D Manager,Master's,Married,2,5.7,5.2,62700.0,3.8,4.7,2.3,3,31.6,No,No,5-10 Years,Q2,Average,0
EMP10647,45,Female,Finance,Financial Analyst,Master's,Married,5,12.0,15.0,137900.0,3.9,3.0,3.6,7,9.0,No,No,10+ Years,Q4,Good,0
EMP10648,28,Male,Research & Development,Laboratory Technician,Master's,Married,3,3.2,7.7,66900.0,2.8,3.0,3.3,1,14.4,No,No,3-5 Years,Q2,Good,0
EMP10649,37,Male,IT,Software Engineer,High School,Married,2,1.2,3.4,54800.0,2.1,2.0,3.3,2,3.7,No,No,1-3 Years,Q1,Good,0
EMP10650,21,Male,IT,Systems Analyst,Master's,Married,2,5.4,9.5,69000.0,4.6,2.0,2.8,3,11.4,No,No,5-10 Years,Q2,Average,0
EMP10651,35,Female,Research & Development,R&D Manager,Master's,Married,4,4.1,10.9,88600.0,4.4,4.0,3.1,3,7.7,No,No,3-5 Years,Q4,Good,0
EMP10652,33,Male,Marketing,Marketing Analyst,High School,Single,5,12.9,13.0,131000.0,3.2,4.0,4.0,2,2.5,No,No,10+ Years,Q4,Good,0
EMP10653,25,Male,Marketing,Marketing Analyst,High School,Single,1,0.8,1.2,53700.0,3.4,4.1,2.8,5,17.1,No,Yes,<1 Year,Q1,Average,1
EMP10654,54,Female,Human Resources,HR Manager,High School,Single,2,7.6,11.3,76200.0,2.7,2.1,2.5,0,7.7,No,Yes,5-10 Years,Q3,Average,1
EMP10655,36,Female,IT,Software Engineer,Master's,Single,2,5.8,8.0,73800.0,3.7,3.3,2.8,6,18.5,No,No,5-10 Years,Q3,Average,0
EMP10656,58,Female,Finance,Finance Manager,Master's,Single,3,2.9,7.3,79900.0,3.0,1.6,3.7,3,11.6,No,No,1-3 Years,Q3,Good,0
EMP10657,46,Female,Research & Development,Research Scientist,Master's,Single,5,10.2,11.2,127100.0,4.7,3.4,2.7,2,11.2,No,No,10+ Years,Q4,Average,0
EMP10658,33,Male,Sales,Sales Executive,Bachelor's,Married,1,1.6,4.4,53500.0,4.7,3.0,3.0,6,1.0,No,No,1-3 Years,Q1,Average,0
EMP10659,39,Female,Research & Development,Laboratory Technician,High School,Single,4,4.6,7.4,84300.0,3.9,1.1,3.6,5,6.6,No,Yes,3-5 Years,Q3,Good,1
EMP10660,27,Male,Research & Development,Laboratory Technician,Bachelor's,Married,4,11.6,10.5,102100.0,3.7,3.4,2.9,2,3.1,No,No,10+ Years,Q4,Average,0
EMP10661,33,Male,IT,IT Support,High School,Married,2,2.4,4.8,46100.0,5.0,1.9,3.6,2,3.7,Yes,No,1-3 Years,Q1,Good,0
EMP10662,39,Male,Marketing,Marketing Analyst,Master's,Married,5,13.4,15.4,116500.0,2.1,2.8,3.9,2,7.5,Yes,No,10+ Years,Q4,Good,0
EMP10663,38,Male,Human Resources,Recruiter,Master's,Married,5,11.1,14.4,120700.0,3.4,1.4,3.2,3,2.7,Yes,Yes,10+ Years,Q4,Good,1
EMP10664,42,Male,Sales,Sales Representative,Master's,Single,1,1.9,3.9,43900.0,4.8,2.9,4.0,3,5.8,Yes,No,1-3 Years,Q1,Good,0
EMP10665,40,Male,Finance,Finance Manager,Master's,Single,1,2.3,7.8,46800.0,3.4,3.1,3.9,1,7.6,No,No,1-3 Years,Q1,Good,0
EMP10666,49,Female,Sales,Sales Representative,Master's,Single,1,0.6,5.1,40100.0,4.1,2.6,3.3,1,4.9,Yes,No,<1 Year,Q1,Good,0
EMP10667,41,Male,Sales,Sales Manager,Master's,Married,3,6.9,5.1,91000.0,3.6,2.7,3.2,3,3.0,No,No,5-10 Years,Q4,Good,0
EMP10668,44,Male,Human Resources,HR Specialist,Master's,Married,2,5.8,8.0,75000.0,2.4,2.7,4.1,3,18.5,No,No,5-10 Years,Q3,Excellent,0
EMP10669,28,Male,Sales,Sales Executive,Master's,Single,2,2.1,4.2,59300.0,2.9,3.3,2.6,2,6.1,Yes,No,1-3 Years,Q2,Average,0
EMP10670,27,Female,Sales,Sales Manager,PhD,Divorced,3,5.0,6.2,76200.0,4.5,3.6,2.5,1,4.1,No,Yes,3-5 Years,Q3,Average,1
EMP10671,38,Female,IT,Software Engineer,Master's,Single,5,5.2,6.6,117200.0,4.0,1.6,3.9,1,7.2,No,No,5-10 Years,Q4,Good,0
EMP10672,34,Male,Sales,Sales Representative,Master's,Married,2,3.1,4.4,60600.0,4.9,2.9,2.5,6,21.9,Yes,No,3-5 Years,Q2,Average,0
EMP10673,33,Male,Marketing,Marketing Manager,Master's,Married,4,9.7,13.9,91300.0,3.6,3.6,3.6,3,6.5,No,No,5-10 Years,Q4,Good,0
EMP10674,43,Female,IT,Software Engineer,Master's,Married,2,3.4,4.7,62600.0,2.8,2.9,4.1,5,6.2,No,No,3-5 Years,Q2,Excellent,0
EMP10675,31,Female,IT,Software Engineer,Master's,Divorced,5,9.9,14.8,115500.0,4.2,2.3,4.4,1,4.6,No,No,5-10 Years,Q4,Excellent,0
EMP10676,29,Female,Research & Development,R&D Manager,Bachelor's,Divorced,2,4.5,5.1,71600.0,1.5,3.6,2.6,1,6.7,Yes,Yes,3-5 Years,Q3,Average,1
EMP10677,25,Male,IT,IT Manager,PhD,Single,2,5.4,9.1,59600.0,3.6,1.9,3.6,1,15.0,No,No,5-10 Years,Q2,Good,0
EMP10678,46,Female,IT,Software Engineer,Bachelor's,Married,2,5.0,7.1,66300.0,4.1,2.6,2.5,8,1.2,No,No,3-5 Years,Q2,Average,0
EMP10679,32,Male,IT,Software Engineer,Bachelor's,Married,2,2.9,2.8,57600.0,3.4,3.1,3.6,8,5.2,No,No,1-3 Years,Q2,Good,0
EMP10680,28,Female,Human Resources,HR Manager,Bachelor's,Married,2,3.8,7.8,56100.0,3.5,2.5,3.6,0,13.6,No,Yes,3-5 Years,Q2,Good,1
EMP10681,39,Male,Research & Development,R&D Manager,Master's,Single,4,8.8,14.8,112700.0,2.7,2.9,2.6,5,7.6,Yes,No,5-10 Years,Q4,Average,0
EMP10682,31,Female,IT,Systems Analyst,Master's,Divorced,2,5.0,7.1,59800.0,5.0,4.3,3.1,5,14.6,No,No,3-5 Years,Q2,Good,0
EMP10683,42,Female,Research & Development,R&D Manager,Master's,Single,2,2.4,3.4,46200.0,3.7,2.8,3.2,0,2.4,No,No,1-3 Years,Q1,Good,0
EMP10684,39,Male,Sales,Sales Executive,Bachelor's,Divorced,2,2.3,7.2,61800.0,3.5,3.3,3.3,5,5.5,Yes,No,1-3 Years,Q2,Good,0
EMP10685,35,Female,Research & Development,Laboratory Technician,PhD,Single,5,10.0,10.2,125600.0,3.2,2.7,3.8,4,4.6,No,No,5-10 Years,Q4,Good,0
EMP10686,32,Male,Research & Development,Research Scientist,PhD,Single,1,1.9,2.0,46300.0,3.7,2.6,1.5,4,11.5,No,No,1-3 Years,Q1,Low,0
EMP10687,36,Male,Research & Development,Research Scientist,Master's,Single,2,2.9,6.0,70500.0,2.7,2.6,3.1,2,6.5,Yes,No,1-3 Years,Q3,Good,0
EMP10688,45,Male,Research & Development,R&D Manager,High School,Single,5,12.5,17.6,125900.0,1.8,2.7,2.8,2,12.1,No,No,10+ Years,Q4,Average,0
EMP10689,38,Male,Research & Development,Laboratory Technician,Master's,Single,3,3.6,6.0,75600.0,5.0,2.8,4.5,1,6.4,No,No,3-5 Years,Q3,Excellent,0
EMP10690,43,Female,IT,Software Engineer,Bachelor's,Single,4,6.5,7.9,95800.0,2.4,5.0,2.4,3,9.3,No,No,5-10 Years,Q4,Average,0
EMP10691,47,Male,Sales,Sales Executive,Master's,Married,4,6.6,13.8,102700.0,3.6,3.4,2.2,2,14.0,No,No,5-10 Years,Q4,Average,0
EMP10692,29,Female,IT,Systems Analyst,Master's,Single,4,9.0,8.9,100300.0,2.8,3.7,4.0,2,4.9,Yes,No,5-10 Years,Q4,Good,0
EMP10693,42,Female,Research & Development,Laboratory Technician,Bachelor's,Married,4,6.9,9.3,101900.0,1.6,2.5,3.0,1,19.9,No,No,5-10 Years,Q4,Average,0
EMP10694,23,Male,Sales,Sales Representative,Bachelor's,Married,2,6.2,11.9,73800.0,3.7,3.8,3.0,4,5.9,Yes,Yes,5-10 Years,Q3,Average,1
EMP10695,40,Female,Finance,Finance Manager,Master's,Married,3,6.8,9.3,95500.0,2.7,1.2,2.5,6,9.7,No,No,5-10 Years,Q4,Average,0
EMP10696,47,Female,Sales,Sales Representative,Bachelor's,Single,1,1.3,5.2,47800.0,1.9,3.3,3.3,2,22.8,No,No,1-3 Years,Q1,Good,0
EMP10697,44,Female,Sales,Sales Representative,Bachelor's,Single,1,3.2,6.9,54100.0,2.7,1.7,3.8,5,13.2,No,No,3-5 Years,Q1,Good,0
EMP10698,28,Female,Sales,Sales Executive,Bachelor's,Married,3,9.6,13.0,85400.0,3.3,2.6,3.9,6,16.1,No,No,5-10 Years,Q3,Good,0
EMP10699,39,Female,Sales,Sales Manager,Bachelor's,Single,2,0.6,4.3,60400.0,3.0,3.6,4.4,1,1.9,No,No,<1 Year,Q2,Excellent,0
EMP10700,37,Male,Research & Development,Research Scientist,Bachelor's,Single,2,4.3,1.5,65200.0,2.4,3.7,3.9,1,6.4,No,No,3-5 Years,Q2,Good,0
EMP10701,41,Male,Sales,Sales Manager,Bachelor's,Single,3,4.1,7.8,76600.0,3.3,3.5,4.6,4,7.2,No,No,3-5 Years,Q3,Excellent,0
EMP10702,39,Male,Marketing,Marketing Specialist,Bachelor's,Single,3,2.1,4.3,54600.0,3.7,4.4,2.8,1,17.3,Yes,No,1-3 Years,Q1,Average,0
EMP10703,35,Female,Sales,Sales Manager,Master's,Married,2,3.3,4.1,60600.0,2.7,3.1,3.5,4,17.5,No,No,3-5 Years,Q2,Good,0
EMP10704,36,Male,Human Resources,HR Manager,Bachelor's,Single,4,9.5,11.7,103800.0,2.4,1.8,2.8,2,33.3,No,Yes,5-10 Years,Q4,Average,1
EMP10705,43,Male,IT,IT Manager,Bachelor's,Single,1,1.3,6.2,40600.0,3.0,2.0,2.8,3,9.0,No,No,1-3 Years,Q1,Average,0
EMP10706,47,Male,Research & Development,Research Scientist,Master's,Married,3,3.6,7.9,70900.0,2.9,2.6,2.4,4,9.8,No,No,3-5 Years,Q3,Average,0
EMP10707,35,Female,Marketing,Marketing Manager,Bachelor's,Married,3,3.5,8.3,78200.0,2.1,3.8,1.6,3,18.2,No,No,3-5 Years,Q3,Low,0
EMP10708,32,Female,Research & Development,Laboratory Technician,Bachelor's,Married,1,2.4,7.1,55600.0,3.5,2.3,4.2,1,14.0,No,No,1-3 Years,Q2,Excellent,0
EMP10709,31,Male,IT,IT Manager,Bachelor's,Married,1,2.0,5.6,36400.0,2.8,4.7,3.3,5,16.6,Yes,No,1-3 Years,Q1,Good,0
EMP10710,36,Female,IT,Systems Analyst,Master's,Married,2,4.2,6.0,49100.0,1.3,1.9,3.3,4,3.2,No,No,3-5 Years,Q1,Good,0
EMP10711,39,Male,Marketing,Marketing Analyst,Bachelor's,Married,3,7.3,11.1,85400.0,3.8,3.1,3.2,1,1.0,No,No,5-10 Years,Q3,Good,0
EMP10712,34,Female,Research & Development,R&D Manager,Bachelor's,Single,2,1.5,4.5,53700.0,2.3,3.5,2.6,4,12.1,No,Yes,1-3 Years,Q1,Average,1
EMP10713,39,Male,Human Resources,HR Manager,High School,Married,2,2.5,3.7,66900.0,2.0,3.1,2.7,6,14.2,No,No,1-3 Years,Q2,Average,0
EMP10714,49,Male,Sales,Sales Executive,Master's,Married,1,1.2,5.2,44900.0,3.3,2.7,2.7,5,1.8,Yes,Yes,1-3 Years,Q1,Average,1
EMP10715,38,Female,Research & Development,Research Scientist,Master's,Single,4,7.7,9.1,96900.0,3.8,3.3,3.4,4,7.0,No,Yes,5-10 Years,Q4,Good,1
EMP10716,37,Male,IT,Software Engineer,High School,Divorced,4,5.4,9.1,94200.0,3.0,3.4,3.7,3,1.4,No,Yes,5-10 Years,Q4,Good,1
EMP10717,48,Female,Research & Development,Research Scientist,Master's,Married,3,7.3,7.2,77200.0,3.4,3.6,2.9,2,4.0,No,No,5-10 Years,Q3,Average,0
EMP10718,36,Female,Research & Development,Laboratory Technician,Master's,Married,2,1.2,0.0,62200.0,2.4,3.8,2.0,2,3.8,No,Yes,1-3 Years,Q2,Low,1
EMP10719,36,Male,Sales,Sales Manager,Master's,Divorced,1,2.0,6.2,47700.0,3.6,1.0,2.2,5,1.5,No,No,1-3 Years,Q1,Average,0
EMP10720,35,Male,IT,IT Manager,Master's,Divorced,4,5.0,8.9,98400.0,5.0,2.6,2.7,1,5.6,No,No,3-5 Years,Q4,Average,0
EMP10721,39,Male,Research & Development,Research Scientist,Bachelor's,Married,5,9.5,10.5,127400.0,2.9,3.1,2.9,4,21.4,Yes,Yes,5-10 Years,Q4,Average,1
EMP10722,31,Female,Marketing,Marketing Analyst,Master's,Married,2,5.1,7.3,77200.0,3.9,2.6,3.1,5,2.4,No,No,5-10 Years,Q3,Good,0
EMP10723,43,Female,IT,Systems Analyst,Bachelor's,Married,5,18.9,22.2,142300.0,3.8,2.7,3.4,2,11.0,No,No,10+ Years,Q4,Good,0
EMP10724,25,Female,Finance,Accountant,Bachelor's,Single,3,5.7,6.4,76300.0,2.4,3.1,2.1,3,12.7,Yes,No,5-10 Years,Q3,Average,0
EMP10725,27,Female,Research & Development,Laboratory Technician,Master's,Divorced,4,3.6,6.4,89800.0,3.6,1.4,3.2,3,5.3,No,No,3-5 Years,Q4,Good,0
EMP10726,34,Male,IT,Systems Analyst,PhD,Married,1,0.9,1.8,41000.0,4.1,3.8,2.1,3,4.3,No,No,<1 Year,Q1,Average,0
EMP10727,51,Male,Research & Development,Laboratory Technician,Bachelor's,Married,2,0.6,5.2,49600.0,2.4,1.0,3.1,3,7.9,No,Yes,<1 Year,Q1,Good,1
EMP10728,36,Female,Marketing,Marketing Analyst,Bachelor's,Married,2,4.9,5.4,71900.0,4.3,3.5,3.5,5,1.4,No,No,3-5 Years,Q3,Good,0
EMP10729,44,Male,Marketing,Marketing Analyst,Bachelor's,Married,2,1.3,6.4,55600.0,1.2,4.1,3.0,1,3.7,No,No,1-3 Years,Q2,Average,0
EMP10730,20,Male,Finance,Finance Manager,PhD,Married,4,4.5,8.0,106000.0,2.7,2.3,3.5,3,2.8,No,No,3-5 Years,Q4,Good,0
EMP10731,38,Female,Sales,Sales Executive,Bachelor's,Married,1,1.4,0.0,39400.0,3.1,2.9,3.5,0,1.9,No,No,1-3 Years,Q1,Good,0
EMP10732,36,Female,Research & Development,R&D Manager,PhD,Married,2,2.5,6.4,67100.0,1.6,3.4,3.3,1,1.4,No,No,1-3 Years,Q2,Good,0
EMP10733,35,Female,IT,Systems Analyst,Bachelor's,Married,3,4.2,7.3,77800.0,1.3,2.9,3.6,2,6.3,Yes,No,3-5 Years,Q3,Good,0
EMP10734,32,Female,Finance,Accountant,Master's,Single,2,1.8,4.4,62200.0,3.1,3.6,3.6,3,13.7,No,No,1-3 Years,Q2,Good,0
EMP10735,26,Male,Finance,Accountant,Master's,Single,2,3.5,2.5,53300.0,3.0,3.4,2.8,1,24.8,No,No,3-5 Years,Q1,Average,0
EMP10736,31,Female,IT,IT Manager,High School,Married,3,1.0,7.8,82600.0,3.0,2.5,4.4,1,6.6,No,No,<1 Year,Q3,Excellent,0
EMP10737,20,Male,IT,IT Manager,Master's,Single,3,4.2,4.2,87600.0,2.9,4.7,3.3,1,13.3,No,No,3-5 Years,Q3,Good,0
EMP10738,29,Male,IT,IT Support,Bachelor's,Single,2,2.8,7.7,62700.0,4.1,1.6,3.0,5,3.4,No,No,1-3 Years,Q2,Average,0
EMP10739,24,Female,IT,IT Manager,Master's,Married,3,1.6,1.1,69100.0,2.7,2.8,2.8,3,6.7,No,No,1-3 Years,Q3,Average,0
EMP10740,44,Male,Sales,Sales Executive,High School,Single,2,3.1,9.3,63000.0,3.3,3.9,2.8,4,12.2,No,No,3-5 Years,Q2,Average,0
EMP10741,26,Female,Research & Development,Laboratory Technician,Master's,Single,3,4.5,8.1,80000.0,2.3,1.6,2.3,2,2.6,No,No,3-5 Years,Q3,Average,0
EMP10742,39,Male,Marketing,Marketing Manager,Master's,Single,3,9.6,8.6,76600.0,2.5,2.7,4.2,5,3.9,No,No,5-10 Years,Q3,Excellent,0
EMP10743,43,Male,Marketing,Marketing Specialist,Bachelor's,Divorced,1,0.8,2.3,34600.0,2.2,2.9,3.3,3,5.2,Yes,Yes,<1 Year,Q1,Good,1
EMP10744,29,Female,Human Resources,HR Specialist,Master's,Single,3,5.5,8.6,84200.0,4.5,3.1,3.6,3,14.8,Yes,No,5-10 Years,Q3,Good,0
EMP10745,26,Female,Research & Development,R&D Manager,PhD,Married,3,5.8,8.0,82300.0,3.7,3.4,3.4,1,11.9,No,No,5-10 Years,Q3,Good,0
EMP10746,35,Female,Research & Development,Laboratory Technician,Master's,Married,3,3.7,6.7,80500.0,1.8,2.8,3.4,0,8.5,Yes,No,3-5 Years,Q3,Good,0
EMP10747,43,Male,Sales,Sales Representative,Master's,Divorced,2,2.6,8.7,58300.0,3.8,2.7,3.1,3,9.6,No,No,1-3 Years,Q2,Good,0
EMP10748,36,Male,Marketing,Marketing Analyst,Master's,Married,2,5.5,7.1,62000.0,3.7,2.5,2.5,6,19.1,No,No,5-10 Years,Q2,Average,0
EMP10749,34,Male,Human Resources,HR Specialist,Master's,Single,2,4.4,7.9,66600.0,4.4,2.3,3.6,4,7.2,Yes,No,3-5 Years,Q2,Good,0
EMP10750,60,Female,Sales,Sales Manager,Master's,Divorced,1,1.7,7.6,49400.0,3.5,3.6,1.8,3,10.4,No,No,1-3 Years,Q1,Low,0
EMP10751,37,Female,Sales,Sales Executive,Master's,Married,3,5.3,7.0,81900.0,4.0,2.2,2.8,5,15.4,No,No,5-10 Years,Q3,Average,0
EMP10752,34,Male,Sales,Sales Manager,Bachelor's,Single,3,6.0,9.0,87400.0,2.3,3.6,3.8,3,11.0,Yes,No,5-10 Years,Q3,Good,0
EMP10753,42,Male,Research & Development,Laboratory Technician,Bachelor's,Married,3,6.8,10.6,93500.0,2.7,4.4,2.7,3,3.3,No,No,5-10 Years,Q4,Average,0
EMP10754,39,Female,Human Resources,Recruiter,Master's,Single,5,7.9,10.0,116300.0,3.1,3.5,2.2,1,13.1,No,No,5-10 Years,Q4,Average,0
EMP10755,43,Male,Sales,Sales Manager,Master's,Single,3,5.6,7.9,85700.0,3.8,3.7,1.6,1,15.6,No,No,5-10 Years,Q3,Low,0
EMP10756,22,Female,Human Resources,HR Specialist,Master's,Married,2,1.2,5.7,55700.0,3.0,4.6,3.7,2,3.6,Yes,No,1-3 Years,Q2,Good,0
EMP10757,34,Male,Marketing,Marketing Analyst,Bachelor's,Single,2,3.9,6.5,59800.0,2.9,2.3,3.0,1,15.1,No,No,3-5 Years,Q2,Average,0
EMP10758,41,Male,Research & Development,Research Scientist,Bachelor's,Single,2,4.4,7.4,55800.0,3.5,3.9,2.9,5,1.8,No,No,3-5 Years,Q2,Average,0
EMP10759,29,Female,Human Resources,HR Specialist,PhD,Married,2,3.2,8.9,66200.0,2.4,2.0,3.4,4,7.9,Yes,No,3-5 Years,Q2,Good,0
EMP10760,42,Male,IT,Software Engineer,Bachelor's,Single,2,2.0,5.4,48400.0,3.9,2.8,3.6,7,8.1,No,No,1-3 Years,Q1,Good,0
EMP10761,39,Male,IT,IT Manager,PhD,Single,2,0.3,5.0,54800.0,2.2,3.1,3.0,5,7.8,No,No,<1 Year,Q1,Average,0
EMP10762,39,Male,IT,IT Manager,Master's,Divorced,3,6.4,10.4,80500.0,2.9,4.5,3.9,1,8.2,No,No,5-10 Years,Q3,Good,0
EMP10763,27,Female,Finance,Accountant,Master's,Single,3,2.7,3.6,70900.0,3.5,1.6,3.9,4,4.2,No,No,1-3 Years,Q3,Good,0
EMP10764,25,Male,Human Resources,HR Specialist,Master's,Married,2,2.7,6.9,58700.0,1.6,3.1,2.9,3,13.1,No,Yes,1-3 Years,Q2,Average,1
EMP10765,26,Female,Finance,Accountant,Master's,Single,4,3.9,4.8,92100.0,3.6,2.4,1.9,3,6.8,No,No,3-5 Years,Q4,Low,0
EMP10766,29,Male,Sales,Sales Representative,PhD,Married,4,7.2,9.5,99000.0,3.5,3.1,2.2,1,6.8,No,No,5-10 Years,Q4,Average,0
EMP10767,39,Female,IT,Software Engineer,Bachelor's,Married,1,2.6,2.9,50500.0,4.3,2.3,2.7,2,11.4,No,No,1-3 Years,Q1,Average,0
EMP10768,31,Female,Sales,Sales Executive,Bachelor's,Married,2,2.2,7.8,60300.0,2.6,3.0,4.0,5,4.4,Yes,No,1-3 Years,Q2,Good,0
EMP10769,30,Female,IT,Systems Analyst,Bachelor's,Divorced,1,1.4,6.6,35800.0,3.4,4.2,3.1,2,18.3,Yes,No,1-3 Years,Q1,Good,0
EMP10770,20,Male,Research & Development,R&D Manager,Master's,Married,2,2.6,6.3,57700.0,4.1,3.0,4.1,5,1.1,Yes,No,1-3 Years,Q2,Excellent,0
EMP10771,23,Female,Research & Development,Laboratory Technician,Master's,Single,3,5.3,8.6,83600.0,2.6,2.1,2.6,2,12.2,Yes,No,5-10 Years,Q3,Average,0
EMP10772,34,Male,Finance,Financial Analyst,High School,Married,4,7.7,7.4,86700.0,3.5,3.4,3.9,3,9.5,No,No,5-10 Years,Q3,Good,0
EMP10773,20,Male,Research & Development,Research Scientist,Master's,Married,3,9.2,10.0,87100.0,3.9,2.2,4.1,2,10.5,No,No,5-10 Years,Q3,Excellent,0
EMP10774,34,Female,Research & Development,Research Scientist,Master's,Single,2,4.6,8.4,71000.0,3.8,3.6,3.1,2,9.0,No,No,3-5 Years,Q3,Good,0
EMP10775,35,Female,Marketing,Marketing Manager,Master's,Married,4,5.1,5.3,97700.0,1.7,3.5,4.1,2,9.9,No,No,5-10 Years,Q4,Excellent,0
EMP10776,51,Female,Marketing,Marketing Specialist,Bachelor's,Married,2,4.8,5.3,58600.0,3.8,2.8,3.0,1,1.9,No,No,3-5 Years,Q2,Average,0
EMP10777,30,Male,Research & Development,Laboratory Technician,Bachelor's,Married,2,3.0,3.7,59100.0,3.9,1.6,1.2,3,2.9,Yes,Yes,1-3 Years,Q2,Low,1
EMP10778,48,Female,IT,IT Manager,Master's,Married,5,18.3,22.8,134800.0,3.5,3.5,2.9,8,2.8,Yes,No,10+ Years,Q4,Average,0
EMP10779,45,Female,Research & Development,Research Scientist,Master's,Single,1,4.6,11.2,48800.0,4.3,4.0,2.7,3,11.9,Yes,No,3-5 Years,Q1,Average,0
EMP10780,35,Female,Marketing,Marketing Analyst,Master's,Divorced,3,10.3,13.4,101000.0,4.0,5.0,4.1,5,32.2,No,Yes,10+ Years,Q4,Excellent,1
EMP10781,31,Male,IT,Systems Analyst,High School,Single,4,10.8,15.0,102100.0,3.0,4.8,2.7,4,12.5,No,No,10+ Years,Q4,Average,0
EMP10782,31,Male,IT,IT Manager,Bachelor's,Divorced,2,3.7,8.4,59200.0,3.6,2.7,3.7,1,4.1,No,No,3-5 Years,Q2,Good,0
EMP10783,27,Female,Marketing,Marketing Specialist,High School,Married,1,3.7,5.5,44000.0,3.1,3.7,3.2,1,21.0,Yes,No,3-5 Years,Q1,Good,0
EMP10784,29,Male,Research & Development,Laboratory Technician,Master's,Single,4,5.8,5.1,100800.0,3.0,4.7,3.2,2,5.2,No,No,5-10 Years,Q4,Good,0
EMP10785,35,Male,Marketing,Marketing Manager,Master's,Married,4,8.2,8.1,103200.0,2.6,2.7,3.7,4,12.5,Yes,No,5-10 Years,Q4,Good,0
EMP10786,45,Female,Sales,Sales Executive,Master's,Single,3,5.0,6.5,95000.0,4.1,4.7,2.8,4,15.8,No,No,3-5 Years,Q4,Average,0
EMP10787,22,Female,Sales,Sales Representative,PhD,Single,4,9.6,9.0,107900.0,4.2,2.0,2.8,2,2.9,No,No,5-10 Years,Q4,Average,0
EMP10788,35,Male,Sales,Sales Executive,Master's,Single,1,1.8,6.8,38500.0,3.9,3.0,3.9,4,7.6,Yes,No,1-3 Years,Q1,Good,0
EMP10789,40,Male,Sales,Sales Representative,Bachelor's,Married,2,2.9,4.9,60300.0,4.2,3.3,3.3,2,4.4,No,No,1-3 Years,Q2,Good,0
EMP10790,29,Male,Sales,Sales Representative,PhD,Married,3,1.1,3.6,68600.0,4.2,3.7,3.5,0,9.6,Yes,Yes,1-3 Years,Q2,Good,1
EMP10791,32,Female,Research & Development,Laboratory Technician,Master's,Married,3,3.2,3.5,65900.0,3.3,4.7,3.3,3,10.0,Yes,Yes,3-5 Years,Q2,Good,1
EMP10792,25,Female,Finance,Finance Manager,Bachelor's,Divorced,3,8.8,11.8,85700.0,2.3,2.8,2.8,6,3.9,Yes,No,5-10 Years,Q3,Average,0
EMP10793,33,Male,Finance,Financial Analyst,Master's,Single,3,3.2,5.8,76800.0,2.6,3.7,2.6,3,11.0,No,No,3-5 Years,Q3,Average,0
EMP10794,26,Male,Marketing,Marketing Specialist,Master's,Married,1,2.8,6.4,55600.0,2.5,3.3,3.4,3,4.8,No,Yes,1-3 Years,Q2,Good,1
EMP10795,37,Female,IT,Systems Analyst,Bachelor's,Single,4,13.6,19.5,105000.0,3.9,2.9,3.2,2,20.6,No,No,10+ Years,Q4,Good,0
EMP10796,35,Female,IT,IT Support,Bachelor's,Married,2,1.7,2.1,58000.0,4.7,1.5,3.8,3,9.2,No,No,1-3 Years,Q2,Good,0
EMP10797,33,Female,Marketing,Marketing Manager,Bachelor's,Married,2,3.4,6.2,59500.0,2.9,3.4,3.7,5,1.0,No,No,3-5 Years,Q2,Good,0
EMP10798,27,Male,Finance,Accountant,Master's,Married,5,7.7,8.4,110900.0,3.4,2.7,3.5,3,9.2,No,No,5-10 Years,Q4,Good,0
EMP10799,31,Female,IT,Software Engineer,Master's,Single,4,9.1,13.0,105800.0,4.1,3.5,3.8,2,8.5,No,No,5-10 Years,Q4,Good,0
EMP10800,27,Male,Finance,Accountant,Master's,Married,1,1.9,3.2,58100.0,2.7,2.7,3.2,1,2.2,Yes,No,1-3 Years,Q2,Good,0
EMP10801,40,Male,Finance,Accountant,Bachelor's,Married,3,5.4,6.7,86800.0,4.6,3.4,3.1,1,11.1,Yes,No,5-10 Years,Q3,Good,0
EMP10802,29,Male,Research & Development,Laboratory Technician,Master's,Married,1,0.8,3.1,45200.0,2.7,1.9,3.9,2,3.8,Yes,Yes,<1 Year,Q1,Good,1
EMP10803,42,Male,Finance,Finance Manager,Bachelor's,Single,3,6.8,10.7,82200.0,4.1,4.2,3.4,5,2.4,No,No,5-10 Years,Q3,Good,0
EMP10804,41,Male,IT,IT Support,Bachelor's,Married,1,0.9,4.4,34800.0,3.4,3.4,2.7,4,3.9,No,Yes,<1 Year,Q1,Average,1
EMP10805,29,Female,IT,IT Support,Master's,Married,3,6.9,6.5,81700.0,2.3,2.2,3.3,0,5.7,Yes,No,5-10 Years,Q3,Good,0
EMP10806,31,Female,Research & Development,Research Scientist,Bachelor's,Married,2,3.1,6.2,57000.0,2.8,2.4,3.7,1,20.2,No,No,3-5 Years,Q2,Good,0
EMP10807,31,Male,IT,IT Manager,Bachelor's,Divorced,5,4.3,5.8,111000.0,3.0,5.0,3.2,1,19.6,Yes,No,3-5 Years,Q4,Good,0
EMP10808,42,Male,Human Resources,HR Specialist,Bachelor's,Divorced,4,6.2,7.6,97700.0,3.6,5.0,3.3,5,25.2,No,No,5-10 Years,Q4,Good,0
EMP10809,43,Male,Finance,Finance Manager,Master's,Married,3,7.3,6.9,82800.0,4.5,2.4,3.4,4,6.3,No,No,5-10 Years,Q3,Good,0
EMP10810,20,Male,Finance,Finance Manager,Master's,Divorced,2,3.9,6.9,61800.0,2.6,3.2,2.8,2,10.7,No,No,3-5 Years,Q2,Average,0
EMP10811,35,Male,Finance,Financial Analyst,Master's,Married,1,2.0,4.3,44400.0,2.6,4.6,2.9,1,2.4,No,No,1-3 Years,Q1,Average,0
EMP10812,41,Male,Finance,Accountant,Bachelor's,Single,3,4.3,7.1,81200.0,2.2,3.0,4.4,3,23.6,Yes,No,3-5 Years,Q3,Excellent,0
EMP10813,41,Male,Research & Development,Research Scientist,High School,Single,1,1.5,0.2,47000.0,3.3,2.8,3.2,1,11.7,No,No,1-3 Years,Q1,Good,0
EMP10814,41,Male,Research & Development,Laboratory Technician,Bachelor's,Single,4,4.1,9.4,81200.0,3.0,4.6,2.7,7,6.0,No,No,3-5 Years,Q3,Average,0
EMP10815,50,Male,Finance,Finance Manager,Bachelor's,Single,3,4.9,6.1,64900.0,3.4,4.4,2.2,3,26.8,No,No,3-5 Years,Q2,Average,0
EMP10816,41,Male,Sales,Sales Manager,Bachelor's,Married,2,2.7,4.2,65300.0,3.5,2.6,3.9,3,8.4,No,No,1-3 Years,Q2,Good,0
EMP10817,20,Male,Research & Development,Research Scientist,Master's,Single,2,2.7,5.4,63900.0,3.7,1.5,2.3,3,11.6,No,Yes,1-3 Years,Q2,Average,1
EMP10818,29,Male,Human Resources,HR Specialist,Bachelor's,Married,3,0.9,5.3,77500.0,2.4,3.9,2.4,2,11.7,No,No,<1 Year,Q3,Average,0
EMP10819,20,Male,IT,IT Support,Bachelor's,Single,1,0.8,3.3,41200.0,3.3,2.3,2.2,0,10.1,No,No,<1 Year,Q1,Average,0
EMP10820,30,Female,Research & Development,Research Scientist,PhD,Married,4,10.9,9.2,100500.0,3.1,3.6,3.6,1,14.0,No,No,10+ Years,Q4,Good,0
EMP10821,50,Female,Sales,Sales Representative,Bachelor's,Married,3,8.0,13.4,94800.0,3.2,3.4,2.1,3,3.9,No,Yes,5-10 Years,Q4,Average,1
EMP10822,28,Male,Research & Development,Research Scientist,Bachelor's,Divorced,2,2.9,7.1,56400.0,2.8,2.0,3.1,3,4.9,No,No,1-3 Years,Q2,Good,0
EMP10823,32,Male,Research & Development,Laboratory Technician,Master's,Single,3,5.6,9.8,84500.0,3.0,2.3,3.0,2,34.0,No,No,5-10 Years,Q3,Average,0
EMP10824,35,Male,Human Resources,Recruiter,Bachelor's,Divorced,1,1.8,7.6,42400.0,3.5,3.0,5.0,3,1.8,No,No,1-3 Years,Q1,Excellent,0
EMP10825,57,Male,Human Resources,Recruiter,Bachelor's,Single,4,7.8,9.0,94500.0,2.4,3.3,2.9,3,22.0,Yes,No,5-10 Years,Q4,Average,0
EMP10826,33,Male,IT,IT Support,Bachelor's,Single,4,7.8,9.1,106100.0,2.1,3.2,3.5,5,3.5,No,No,5-10 Years,Q4,Good,0
EMP10827,42,Female,IT,IT Support,PhD,Divorced,3,9.3,15.2,93600.0,3.8,3.4,3.4,4,1.2,No,No,5-10 Years,Q4,Good,0
EMP10828,39,Female,Sales,Sales Manager,Master's,Single,5,14.2,16.0,129100.0,3.1,4.2,4.1,2,2.3,No,No,10+ Years,Q4,Excellent,0
EMP10829,32,Female,Research & Development,R&D Manager,Bachelor's,Single,2,3.1,3.6,57300.0,4.5,2.1,3.0,7,10.6,No,No,3-5 Years,Q2,Average,0
EMP10830,28,Female,Finance,Financial Analyst,Bachelor's,Single,4,10.1,11.2,101000.0,3.0,3.5,3.0,2,14.1,No,No,10+ Years,Q4,Average,0
EMP10831,31,Female,Sales,Sales Representative,Master's,Single,2,2.6,4.2,54000.0,3.4,3.1,2.7,2,1.0,No,No,1-3 Years,Q1,Average,0
EMP10832,33,Female,Sales,Sales Representative,Master's,Married,1,4.8,7.1,52300.0,4.6,3.2,2.8,3,3.9,No,No,3-5 Years,Q1,Average,0
EMP10833,21,Female,IT,IT Support,Bachelor's,Single,2,1.9,7.7,53500.0,3.6,3.3,2.9,4,34.3,Yes,Yes,1-3 Years,Q1,Average,1
EMP10834,31,Male,IT,Software Engineer,Master's,Married,1,2.5,5.5,44100.0,4.3,3.3,2.3,2,11.2,No,No,1-3 Years,Q1,Average,0
EMP10835,24,Male,Marketing,Marketing Analyst,Master's,Married,1,2.5,2.3,45500.0,2.3,3.2,2.2,3,15.7,No,No,1-3 Years,Q1,Average,0
EMP10836,31,Female,Research & Development,Laboratory Technician,Bachelor's,Single,1,2.7,4.5,42600.0,3.6,4.4,3.6,4,9.7,No,No,1-3 Years,Q1,Good,0
EMP10837,25,Male,Human Resources,HR Manager,PhD,Single,4,14.1,16.0,116900.0,2.8,3.1,3.0,0,3.8,Yes,Yes,10+ Years,Q4,Average,1
EMP10838,36,Female,IT,IT Manager,Bachelor's,Married,4,9.9,15.6,105500.0,3.0,3.5,3.7,3,2.3,No,No,5-10 Years,Q4,Good,0
EMP10839,29,Male,Research & Development,Laboratory Technician,PhD,Divorced,3,6.1,10.4,78400.0,3.4,4.1,2.8,3,7.8,No,No,5-10 Years,Q3,Average,0
EMP10840,50,Female,Sales,Sales Executive,Bachelor's,Divorced,1,1.6,1.9,49200.0,2.9,3.3,3.4,3,1.6,No,No,1-3 Years,Q1,Good,0
EMP10841,29,Female,Sales,Sales Manager,Master's,Divorced,2,1.8,5.6,57200.0,2.1,2.3,3.0,1,26.9,No,No,1-3 Years,Q2,Average,0
EMP10842,30,Female,IT,IT Manager,High School,Married,1,1.8,6.6,39400.0,4.4,3.8,4.2,0,7.1,No,No,1-3 Years,Q1,Excellent,0
EMP10843,40,Male,Marketing,Marketing Specialist,Master's,Married,3,6.7,7.9,81700.0,3.2,3.0,3.2,5,10.3,No,No,5-10 Years,Q3,Good,0
EMP10844,49,Female,Research & Development,Laboratory Technician,Bachelor's,Married,2,4.1,7.3,60900.0,3.0,2.9,3.8,1,6.1,No,No,3-5 Years,Q2,Good,0
EMP10845,38,Female,IT,IT Manager,PhD,Married,5,14.8,19.9,134300.0,4.3,4.5,2.7,1,12.2,Yes,No,10+ Years,Q4,Average,0
EMP10846,37,Female,IT,IT Manager,Master's,Divorced,1,1.3,0.8,45000.0,5.0,3.6,3.6,0,13.4,No,No,1-3 Years,Q1,Good,0
EMP10847,39,Male,Research & Development,Laboratory Technician,Bachelor's,Married,1,0.9,0.2,44100.0,4.8,2.9,4.0,3,1.0,Yes,No,<1 Year,Q1,Good,0
EMP10848,36,Male,Marketing,Marketing Specialist,Bachelor's,Married,2,1.7,3.4,62100.0,1.7,3.2,3.0,0,6.2,Yes,No,1-3 Years,Q2,Average,0
EMP10849,31,Male,Sales,Sales Manager,High School,Single,3,2.6,7.0,64300.0,3.1,1.9,3.5,4,3.1,No,No,1-3 Years,Q2,Good,0
EMP10850,42,Male,Research & Development,R&D Manager,Master's,Married,1,0.7,5.7,44400.0,3.8,2.1,3.7,5,6.7,Yes,Yes,<1 Year,Q1,Good,1
EMP10851,27,Male,IT,Software Engineer,High School,Married,1,2.3,5.5,51200.0,3.2,1.4,2.5,2,4.8,No,Yes,1-3 Years,Q1,Average,1
EMP10852,32,Female,Human Resources,Recruiter,Bachelor's,Divorced,4,3.9,5.8,83800.0,3.4,3.8,1.8,5,10.3,No,Yes,3-5 Years,Q3,Low,1
EMP10853,25,Male,Marketing,Marketing Specialist,High School,Single,2,4.1,9.5,65300.0,3.2,1.3,3.7,3,1.0,No,No,3-5 Years,Q2,Good,0
EMP10854,20,Female,Research & Development,R&D Manager,Master's,Married,3,5.8,8.0,80400.0,4.2,2.7,3.1,6,5.4,No,No,5-10 Years,Q3,Good,0
EMP10855,41,Male,Research & Development,R&D Manager,Master's,Married,1,0.2,0.0,46100.0,2.6,2.5,3.4,1,11.5,No,No,<1 Year,Q1,Good,0
EMP10856,34,Female,Sales,Sales Executive,Master's,Married,5,10.1,12.9,121300.0,3.7,3.5,2.4,1,14.2,Yes,No,10+ Years,Q4,Average,0
EMP10857,33,Male,Sales,Sales Manager,Master's,Married,3,5.2,6.7,81500.0,2.3,3.2,3.0,5,3.6,No,No,5-10 Years,Q3,Average,0
EMP10858,40,Male,Sales,Sales Manager,Master's,Married,2,2.1,3.8,57900.0,4.0,3.4,3.1,3,9.4,Yes,Yes,1-3 Years,Q2,Good,1
EMP10859,31,Female,Research & Development,Research Scientist,Master's,Single,5,5.9,11.6,112400.0,4.2,4.0,2.0,3,2.0,No,No,5-10 Years,Q4,Low,0
EMP10860,28,Female,Sales,Sales Executive,Bachelor's,Married,4,6.7,9.2,103700.0,3.3,5.0,3.6,4,28.4,Yes,Yes,5-10 Years,Q4,Good,1
EMP10861,37,Male,Finance,Accountant,Bachelor's,Married,4,10.7,12.7,103200.0,2.6,1.0,3.4,2,23.5,No,Yes,10+ Years,Q4,Good,1
EMP10862,35,Female,Sales,Sales Executive,Master's,Single,3,4.7,5.8,77700.0,1.9,2.1,3.3,5,15.3,No,No,3-5 Years,Q3,Good,0
EMP10863,20,Male,Finance,Finance Manager,Master's,Married,1,1.6,6.2,34400.0,3.6,2.7,3.9,4,1.6,No,No,1-3 Years,Q1,Good,0
EMP10864,47,Male,Finance,Finance Manager,Master's,Single,4,7.7,11.2,94800.0,2.3,2.8,3.1,2,1.0,No,No,5-10 Years,Q4,Good,0
EMP10865,55,Male,Research & Development,R&D Manager,Bachelor's,Single,2,5.2,6.8,61900.0,5.0,2.7,2.9,3,9.0,No,No,5-10 Years,Q2,Average,0
EMP10866,34,Male,Finance,Finance Manager,Master's,Married,1,3.7,5.3,47300.0,4.0,3.2,3.6,2,15.8,No,No,3-5 Years,Q1,Good,0
EMP10867,30,Female,IT,IT Manager,Master's,Single,1,3.2,5.2,53900.0,2.9,1.9,3.9,5,6.5,Yes,No,3-5 Years,Q1,Good,0
EMP10868,30,Male,Human Resources,HR Specialist,Bachelor's,Married,1,1.3,6.0,35400.0,3.7,1.6,3.6,1,21.4,Yes,Yes,1-3 Years,Q1,Good,1
EMP10869,34,Male,Sales,Sales Executive,Master's,Single,2,3.4,3.0,53100.0,1.7,1.8,2.3,2,1.9,No,No,3-5 Years,Q1,Average,0
EMP10870,41,Female,IT,Software Engineer,High School,Married,2,3.3,3.8,58000.0,5.0,2.9,2.9,6,2.3,No,No,3-5 Years,Q2,Average,0
EMP10871,39,Female,Research & Development,Research Scientist,Master's,Married,3,5.1,7.2,73800.0,2.9,3.1,3.2,0,7.1,No,No,5-10 Years,Q3,Good,0
EMP10872,26,Male,IT,Systems Analyst,Bachelor's,Divorced,1,1.2,4.3,40800.0,4.3,3.4,1.8,2,4.1,No,No,1-3 Years,Q1,Low,0
EMP10873,26,Male,Marketing,Marketing Manager,Bachelor's,Married,4,7.3,7.0,91300.0,3.7,4.1,2.8,2,5.0,No,No,5-10 Years,Q4,Average,0
EMP10874,58,Female,Research & Development,Laboratory Technician,Master's,Married,3,6.8,8.2,76400.0,4.3,4.3,2.6,1,19.2,No,No,5-10 Years,Q3,Average,0
EMP10875,27,Female,Sales,Sales Executive,Master's,Married,2,2.8,7.0,63900.0,4.0,4.3,3.2,5,11.5,No,No,1-3 Years,Q2,Good,0
EMP10876,45,Female,IT,Software Engineer,Bachelor's,Married,2,1.2,1.5,55600.0,2.8,2.6,3.4,1,8.5,No,No,1-3 Years,Q2,Good,0
EMP10877,26,Female,Finance,Accountant,PhD,Single,2,7.3,10.7,70700.0,2.6,3.4,3.6,2,16.1,No,No,5-10 Years,Q3,Good,0
EMP10878,40,Female,IT,IT Manager,Master's,Single,3,5.9,10.8,84000.0,3.5,3.3,2.9,3,9.0,No,No,5-10 Years,Q3,Average,0
EMP10879,47,Male,Finance,Financial Analyst,Master's,Married,2,2.0,4.9,53300.0,3.8,3.2,3.4,5,9.5,No,No,1-3 Years,Q1,Good,0
EMP10880,42,Female,Sales,Sales Manager,Bachelor's,Married,2,2.9,5.4,68700.0,5.0,2.6,2.5,5,7.0,No,Yes,1-3 Years,Q2,Average,1
EMP10881,52,Male,IT,IT Support,High School,Single,2,2.7,4.5,71600.0,2.0,4.5,3.8,3,6.4,Yes,No,1-3 Years,Q3,Good,0
EMP10882,32,Female,Research & Development,Research Scientist,Bachelor's,Married,5,12.5,17.2,133900.0,4.0,2.8,3.5,1,8.8,No,No,10+ Years,Q4,Good,0
EMP10883,47,Female,IT,IT Support,Master's,Married,1,2.5,5.5,39600.0,3.3,5.0,2.9,1,4.6,No,No,1-3 Years,Q1,Average,0
EMP10884,47,Female,Human Resources,Recruiter,Bachelor's,Divorced,3,5.1,7.4,69100.0,2.6,1.6,4.5,0,6.6,No,No,5-10 Years,Q3,Excellent,0
EMP10885,25,Female,Research & Development,Research Scientist,Master's,Divorced,1,2.6,5.7,60600.0,3.2,4.3,3.2,3,17.9,No,No,1-3 Years,Q2,Good,0
EMP10886,47,Male,Research & Development,Research Scientist,Bachelor's,Single,4,6.5,6.5,88100.0,3.3,4.5,4.1,3,3.0,Yes,No,5-10 Years,Q4,Excellent,0
EMP10887,35,Male,Sales,Sales Manager,Bachelor's,Single,5,9.5,12.6,122200.0,4.6,2.0,3.7,2,2.9,No,No,5-10 Years,Q4,Good,0
EMP10888,31,Female,Research & Development,Laboratory Technician,Bachelor's,Married,1,1.6,5.6,45300.0,3.8,1.4,2.4,3,12.5,Yes,No,1-3 Years,Q1,Average,0
EMP10889,35,Male,Marketing,Marketing Specialist,Bachelor's,Divorced,5,16.5,19.9,122900.0,2.1,2.8,3.9,3,15.1,Yes,No,10+ Years,Q4,Good,0
EMP10890,42,Male,Marketing,Marketing Analyst,PhD,Single,3,6.6,10.2,80900.0,2.9,3.2,3.9,3,18.9,No,No,5-10 Years,Q3,Good,0
EMP10891,41,Male,Sales,Sales Representative,Master's,Married,1,0.6,4.8,47200.0,3.0,2.8,2.5,3,2.8,Yes,Yes,<1 Year,Q1,Average,1
EMP10892,44,Male,Research & Development,R&D Manager,Master's,Single,4,9.8,14.6,111700.0,2.8,3.8,3.5,5,3.0,Yes,No,5-10 Years,Q4,Good,0
EMP10893,26,Female,Finance,Accountant,Bachelor's,Married,2,5.0,5.5,47900.0,2.4,4.1,3.7,7,1.0,No,No,3-5 Years,Q1,Good,0
EMP10894,23,Female,Finance,Accountant,Bachelor's,Married,4,9.0,11.5,110600.0,2.9,3.1,4.1,3,20.2,Yes,No,5-10 Years,Q4,Excellent,0
EMP10895,43,Female,Human Resources,HR Specialist,Master's,Single,3,4.5,6.3,75500.0,4.7,3.3,3.6,1,15.2,No,No,3-5 Years,Q3,Good,0
EMP10896,43,Male,IT,IT Support,Bachelor's,Single,3,6.8,6.6,88100.0,2.7,4.2,3.0,4,6.4,Yes,No,5-10 Years,Q4,Average,0
EMP10897,38,Female,IT,IT Manager,Bachelor's,Married,3,7.5,12.4,89400.0,3.6,3.1,2.0,2,4.1,Yes,No,5-10 Years,Q4,Low,0
EMP10898,26,Male,IT,Software Engineer,Master's,Married,2,3.1,7.0,62300.0,4.2,2.0,2.3,5,4.0,No,No,3-5 Years,Q2,Average,0
EMP10899,49,Female,IT,IT Manager,Master's,Married,3,2.3,4.6,69300.0,3.4,4.2,3.4,3,4.7,No,No,1-3 Years,Q3,Good,0
EMP10900,32,Female,Marketing,Marketing Analyst,PhD,Divorced,3,1.1,5.0,72200.0,3.8,3.9,3.9,5,2.3,Yes,No,1-3 Years,Q3,Good,0
EMP10901,27,Female,Research & Development,Research Scientist,Bachelor's,Single,2,5.1,6.5,52200.0,5.0,3.4,2.4,4,4.5,No,No,5-10 Years,Q1,Average,0
EMP10902,39,Male,Research & Development,Laboratory Technician,Bachelor's,Single,2,6.2,9.1,69600.0,3.9,3.6,2.9,3,8.2,No,No,5-10 Years,Q3,Average,0
EMP10903,38,Male,Sales,Sales Manager,Bachelor's,Married,4,5.5,10.3,106800.0,4.8,2.3,2.9,3,3.6,No,No,5-10 Years,Q4,Average,0
EMP10904,20,Male,Research & Development,Laboratory Technician,Bachelor's,Single,2,5.7,10.3,61400.0,2.5,3.2,3.6,3,5.1,No,No,5-10 Years,Q2,Good,0
EMP10905,41,Female,Marketing,Marketing Manager,Bachelor's,Married,2,3.7,9.9,66300.0,3.0,4.8,3.6,6,14.4,Yes,Yes,3-5 Years,Q2,Good,1
EMP10906,32,Female,Sales,Sales Manager,Master's,Married,2,3.9,4.2,64700.0,3.0,3.9,4.1,2,10.6,No,No,3-5 Years,Q2,Excellent,0
EMP10907,42,Male,Marketing,Marketing Analyst,Bachelor's,Married,2,3.2,12.5,47900.0,4.3,2.1,3.7,2,3.7,Yes,No,3-5 Years,Q1,Good,0
EMP10908,43,Female,Research & Development,R&D Manager,High School,Married,2,0.3,5.2,60000.0,3.7,2.7,2.0,1,11.7,No,Yes,<1 Year,Q2,Low,1
EMP10909,38,Female,Human Resources,HR Manager,High School,Married,4,6.5,10.3,104200.0,3.9,3.5,3.9,1,10.0,No,No,5-10 Years,Q4,Good,0
EMP10910,43,Male,Finance,Accountant,Bachelor's,Single,2,3.1,4.8,64700.0,3.8,3.8,3.3,2,7.6,No,No,3-5 Years,Q2,Good,0
EMP10911,44,Male,Finance,Financial Analyst,Bachelor's,Married,2,3.3,4.6,59100.0,3.8,3.4,2.4,5,9.8,No,No,3-5 Years,Q2,Average,0
EMP10912,32,Male,Research & Development,R&D Manager,PhD,Married,2,1.1,1.2,54500.0,2.5,3.7,2.6,5,3.3,No,No,1-3 Years,Q1,Average,0
EMP10913,37,Female,Finance,Financial Analyst,High School,Single,3,1.2,5.6,70800.0,4.6,3.7,2.7,2,8.0,Yes,No,1-3 Years,Q3,Average,0
EMP10914,28,Male,Sales,Sales Executive,Master's,Single,3,3.1,5.9,79600.0,4.3,3.7,3.3,1,3.4,No,No,3-5 Years,Q3,Good,0
EMP10915,32,Female,Marketing,Marketing Manager,Bachelor's,Married,5,11.6,14.0,123500.0,3.9,3.5,2.7,2,16.4,Yes,No,10+ Years,Q4,Average,0
EMP10916,30,Male,Human Resources,HR Manager,Bachelor's,Married,2,2.4,3.3,55300.0,3.9,4.5,3.2,6,1.9,No,No,1-3 Years,Q2,Good,0
EMP10917,31,Male,IT,IT Manager,High School,Married,3,8.3,15.0,83700.0,2.2,2.7,3.2,0,1.0,Yes,No,5-10 Years,Q3,Good,0
EMP10918,43,Female,IT,Systems Analyst,Bachelor's,Single,4,8.5,15.8,69100.0,3.9,2.4,3.7,2,25.7,No,No,5-10 Years,Q4,Good,0
EMP10919,49,Female,Marketing,Marketing Manager,Master's,Single,3,4.1,2.9,73700.0,2.1,2.6,2.2,2,10.3,No,No,3-5 Years,Q3,Average,0
EMP10920,27,Male,Research & Development,Research Scientist,Bachelor's,Married,5,7.8,6.3,121300.0,3.7,2.1,2.5,2,1.5,No,No,5-10 Years,Q4,Average,0
EMP10921,35,Male,Finance,Accountant,High School,Divorced,3,5.5,7.7,79600.0,1.8,1.3,4.9,3,11.0,Yes,No,5-10 Years,Q3,Excellent,0
EMP10922,34,Male,Marketing,Marketing Specialist,Bachelor's,Married,5,7.1,11.4,109300.0,1.8,2.8,3.7,3,13.9,No,Yes,5-10 Years,Q4,Good,1
EMP10923,31,Male,Research & Development,Research Scientist,PhD,Single,2,3.6,7.2,72200.0,3.2,3.2,2.4,1,4.4,No,No,3-5 Years,Q3,Average,0
EMP10924,29,Male,Finance,Finance Manager,Master's,Single,1,5.0,4.8,51000.0,2.8,4.3,4.0,7,5.5,Yes,No,3-5 Years,Q1,Good,0
EMP10925,40,Male,Marketing,Marketing Specialist,Bachelor's,Single,4,9.1,11.4,110600.0,2.8,2.7,4.0,3,2.9,No,No,5-10 Years,Q4,Good,0
EMP10926,42,Male,Sales,Sales Executive,Master's,Married,1,2.5,5.1,37900.0,3.5,2.8,2.1,4,3.6,No,Yes,1-3 Years,Q1,Average,1
EMP10927,28,Female,Marketing,Marketing Manager,Bachelor's,Married,2,3.1,10.6,59500.0,4.1,3.7,3.0,4,5.7,Yes,No,3-5 Years,Q2,Average,0
EMP10928,20,Female,Marketing,Marketing Manager,Bachelor's,Married,3,3.9,4.8,85700.0,3.7,3.1,3.1,5,7.6,No,No,3-5 Years,Q3,Good,0
EMP10929,31,Male,Sales,Sales Executive,Bachelor's,Married,2,2.6,3.2,52200.0,4.5,3.0,3.4,4,20.1,Yes,Yes,1-3 Years,Q1,Good,1
EMP10930,22,Female,IT,IT Manager,Master's,Married,1,1.4,2.1,42900.0,3.9,2.5,3.6,4,14.3,No,No,1-3 Years,Q1,Good,0
EMP10931,41,Male,Marketing,Marketing Specialist,Bachelor's,Married,3,1.6,1.0,82100.0,1.4,3.2,3.3,7,8.4,No,No,1-3 Years,Q3,Good,0
EMP10932,43,Male,Research & Development,R&D Manager,Bachelor's,Single,2,3.6,7.2,46600.0,2.5,4.3,2.6,1,4.1,No,No,3-5 Years,Q1,Average,0
EMP10933,23,Male,Marketing,Marketing Analyst,High School,Single,2,4.6,7.8,69600.0,4.5,4.1,4.3,5,1.4,No,No,3-5 Years,Q3,Excellent,0
EMP10934,41,Female,Research & Development,Laboratory Technician,Master's,Married,4,3.7,7.4,87400.0,2.4,4.3,2.7,4,14.0,No,No,3-5 Years,Q3,Average,0
EMP10935,42,Male,Marketing,Marketing Specialist,Bachelor's,Married,1,1.5,6.1,41200.0,2.7,3.0,2.8,4,6.8,No,No,1-3 Years,Q1,Average,0
EMP10936,40,Male,Research & Development,Research Scientist,Bachelor's,Divorced,4,9.1,11.8,120000.0,3.1,3.6,4.0,2,9.1,Yes,Yes,5-10 Years,Q4,Good,1
EMP10937,25,Female,Research & Development,Laboratory Technician,High School,Single,2,3.0,5.0,60100.0,2.9,3.7,3.8,3,17.1,No,No,1-3 Years,Q2,Good,0
EMP10938,29,Female,Finance,Finance Manager,Master's,Single,1,2.3,8.4,39600.0,3.7,3.9,3.4,0,6.9,No,No,1-3 Years,Q1,Good,0
EMP10939,40,Male,Research & Development,Laboratory Technician,High School,Married,5,12.7,13.5,140700.0,3.9,3.5,4.3,3,18.7,Yes,No,10+ Years,Q4,Excellent,0
EMP10940,36,Female,IT,IT Support,Bachelor's,Single,2,2.9,5.4,58700.0,3.6,4.6,3.0,3,11.7,No,Yes,1-3 Years,Q2,Average,1
EMP10941,20,Male,Sales,Sales Representative,Bachelor's,Single,4,11.1,13.9,100900.0,3.1,2.2,2.6,3,6.4,No,No,10+ Years,Q4,Average,0
EMP10942,38,Male,Sales,Sales Executive,Bachelor's,Married,2,4.9,13.5,58200.0,2.2,3.7,3.2,2,4.4,No,No,3-5 Years,Q2,Good,0
EMP10943,42,Male,Marketing,Marketing Manager,Bachelor's,Married,2,3.5,5.8,64600.0,4.1,4.5,4.3,3,13.2,Yes,No,3-5 Years,Q2,Excellent,0
EMP10944,38,Male,Human Resources,HR Specialist,High School,Divorced,5,5.9,8.9,116700.0,3.3,2.5,2.7,2,5.3,No,No,5-10 Years,Q4,Average,0
EMP10945,39,Female,IT,IT Support,Master's,Divorced,1,3.0,4.9,39700.0,4.2,3.4,3.0,2,2.6,Yes,No,1-3 Years,Q1,Average,0
EMP10946,33,Female,Sales,Sales Manager,PhD,Single,3,8.5,13.0,89000.0,2.7,4.4,3.5,1,22.2,No,No,5-10 Years,Q4,Good,0
EMP10947,43,Female,IT,IT Manager,Bachelor's,Married,2,0.8,2.5,60500.0,2.7,2.6,3.8,3,11.5,No,No,<1 Year,Q2,Good,0
EMP10948,33,Male,Human Resources,HR Specialist,Master's,Married,2,5.2,6.2,55300.0,2.3,3.0,3.5,2,9.5,No,No,5-10 Years,Q2,Good,0
EMP10949,31,Male,Human Resources,Recruiter,Bachelor's,Married,3,2.7,3.3,69600.0,2.4,4.5,1.9,2,15.5,No,No,1-3 Years,Q3,Low,0
EMP10950,48,Female,Finance,Financial Analyst,Bachelor's,Divorced,2,7.5,11.0,69100.0,3.7,2.0,2.6,4,3.4,No,No,5-10 Years,Q2,Average,0
EMP10951,52,Male,Human Resources,HR Specialist,Bachelor's,Married,2,4.6,5.8,66300.0,4.2,2.4,4.3,6,3.1,No,No,3-5 Years,Q2,Excellent,0
EMP10952,34,Female,IT,IT Support,Bachelor's,Single,2,4.9,6.4,75900.0,2.7,2.1,2.8,0,1.8,No,No,3-5 Years,Q3,Average,0
EMP10953,34,Female,Sales,Sales Executive,Bachelor's,Single,4,4.5,5.6,94900.0,3.1,3.4,2.9,2,6.6,Yes,Yes,3-5 Years,Q4,Average,1
EMP10954,30,Male,Human Resources,Recruiter,Master's,Single,2,2.4,6.8,54900.0,4.7,3.6,3.8,5,6.0,No,No,1-3 Years,Q2,Good,0
EMP10955,33,Female,Sales,Sales Executive,Bachelor's,Married,2,2.6,5.1,54200.0,3.8,2.9,4.0,2,6.2,No,No,1-3 Years,Q1,Good,0
EMP10956,47,Male,Sales,Sales Representative,PhD,Married,4,10.7,11.8,108100.0,3.2,2.8,3.2,3,20.0,Yes,No,10+ Years,Q4,Good,0
EMP10957,38,Female,Research & Development,Laboratory Technician,Master's,Divorced,3,1.1,2.7,66900.0,3.1,1.8,2.9,2,2.5,No,No,1-3 Years,Q2,Average,0
EMP10958,25,Male,Marketing,Marketing Manager,Master's,Single,1,1.0,2.1,44900.0,3.3,2.9,2.1,4,16.1,No,No,<1 Year,Q1,Average,0
EMP10959,20,Female,Research & Development,Laboratory Technician,Master's,Single,1,1.2,4.0,46300.0,4.3,3.9,1.8,3,21.9,No,No,1-3 Years,Q1,Low,0
EMP10960,51,Male,Research & Development,Research Scientist,Bachelor's,Divorced,1,0.7,4.9,51500.0,4.0,3.2,3.4,3,13.7,Yes,No,<1 Year,Q1,Good,0
EMP10961,29,Female,Research & Development,Research Scientist,Bachelor's,Single,3,3.7,7.5,71100.0,4.1,3.4,3.9,2,8.8,Yes,No,3-5 Years,Q3,Good,0
EMP10962,20,Female,Research & Development,R&D Manager,Master's,Married,1,1.7,7.2,42700.0,3.7,3.7,1.1,2,15.9,No,Yes,1-3 Years,Q1,Low,1
EMP10963,41,Female,Finance,Finance Manager,High School,Divorced,5,8.8,10.4,109800.0,3.4,3.7,2.6,3,12.7,Yes,No,5-10 Years,Q4,Average,0
EMP10964,33,Male,IT,IT Support,Master's,Single,2,1.8,3.8,72400.0,3.9,3.2,2.9,5,12.8,No,No,1-3 Years,Q3,Average,0
EMP10965,40,Male,Sales,Sales Manager,Master's,Divorced,3,4.3,7.1,83600.0,3.1,4.0,3.1,3,1.4,No,No,3-5 Years,Q3,Good,0
EMP10966,38,Female,Research & Development,Laboratory Technician,Master's,Married,3,4.9,8.1,79500.0,3.0,3.5,3.6,4,11.9,No,No,3-5 Years,Q3,Good,0
EMP10967,26,Female,IT,Systems Analyst,Master's,Single,2,5.3,6.3,69500.0,3.2,2.5,4.6,2,1.8,Yes,Yes,5-10 Years,Q3,Excellent,1
EMP10968,27,Female,Finance,Finance Manager,Bachelor's,Single,2,3.3,7.0,67800.0,2.8,2.5,5.0,1,3.9,No,No,3-5 Years,Q2,Excellent,0
EMP10969,36,Male,Human Resources,Recruiter,Master's,Single,3,2.1,4.8,73200.0,3.5,3.8,3.5,3,28.0,Yes,No,1-3 Years,Q3,Good,0
EMP10970,23,Female,IT,IT Manager,Master's,Married,5,12.5,15.7,135500.0,3.8,3.4,3.9,1,26.7,No,No,10+ Years,Q4,Good,0
EMP10971,36,Male,Research & Development,Laboratory Technician,Bachelor's,Divorced,3,6.5,9.3,78700.0,3.8,3.5,2.8,5,7.5,No,No,5-10 Years,Q3,Average,0
EMP10972,42,Female,Human Resources,HR Specialist,Bachelor's,Single,3,3.5,7.0,65800.0,3.5,3.1,3.8,1,12.6,No,No,3-5 Years,Q2,Good,0
EMP10973,40,Male,Sales,Sales Representative,High School,Single,4,8.4,11.5,109000.0,3.2,2.0,3.4,5,9.9,No,Yes,5-10 Years,Q4,Good,1
EMP10974,34,Male,Marketing,Marketing Manager,Bachelor's,Married,1,3.5,6.8,50400.0,4.0,2.5,3.8,2,8.3,No,No,3-5 Years,Q1,Good,0
EMP10975,20,Male,Research & Development,R&D Manager,Master's,Single,3,5.1,7.0,78400.0,4.2,3.0,2.5,3,8.6,Yes,No,5-10 Years,Q3,Average,0
EMP10976,31,Female,Human Resources,HR Specialist,Bachelor's,Married,1,3.4,5.5,39900.0,2.3,3.9,3.4,2,6.4,Yes,No,3-5 Years,Q1,Good,0
EMP10977,38,Male,Sales,Sales Executive,Master's,Married,2,1.0,5.3,62700.0,1.9,2.8,1.8,1,5.0,No,No,<1 Year,Q2,Low,0
EMP10978,43,Female,Research & Development,Research Scientist,PhD,Single,2,4.2,5.0,48900.0,4.7,3.2,2.1,1,22.4,No,Yes,3-5 Years,Q1,Average,1
EMP10979,22,Male,Sales,Sales Representative,Bachelor's,Married,4,4.3,7.7,97500.0,3.3,2.1,3.8,1,17.8,No,No,3-5 Years,Q4,Good,0
EMP10980,38,Male,Human Resources,HR Specialist,Master's,Single,3,5.0,3.4,91800.0,4.1,2.3,4.3,5,7.6,No,No,3-5 Years,Q4,Excellent,0
EMP10981,42,Female,Sales,Sales Manager,Bachelor's,Single,4,7.5,12.2,103400.0,3.0,3.0,2.6,3,10.6,Yes,No,5-10 Years,Q4,Average,0
EMP10982,45,Female,IT,IT Support,Bachelor's,Divorced,5,18.1,20.8,140500.0,3.6,2.8,2.7,6,5.5,Yes,No,10+ Years,Q4,Average,0
EMP10983,36,Male,Research & Development,R&D Manager,Bachelor's,Married,2,4.9,9.5,67500.0,4.1,2.1,3.7,2,1.0,No,No,3-5 Years,Q2,Good,0
EMP10984,33,Male,Human Resources,Recruiter,Bachelor's,Single,2,1.8,3.3,61300.0,1.0,4.9,3.7,1,4.3,No,Yes,1-3 Years,Q2,Good,1
EMP10985,39,Female,Finance,Finance Manager,PhD,Married,5,12.0,15.2,119800.0,3.9,2.8,3.5,2,7.3,No,No,10+ Years,Q4,Good,0
EMP10986,42,Male,Research & Development,Research Scientist,Bachelor's,Single,3,10.5,12.8,88700.0,2.0,3.1,2.9,2,1.4,Yes,No,10+ Years,Q4,Average,0
EMP10987,24,Female,Sales,Sales Representative,Bachelor's,Single,3,2.3,5.2,78000.0,3.1,3.8,2.7,3,20.0,Yes,No,1-3 Years,Q3,Average,0
EMP10988,20,Female,Sales,Sales Executive,Master's,Single,3,4.1,6.9,70500.0,4.0,2.8,3.4,5,7.8,Yes,Yes,3-5 Years,Q3,Good,1
EMP10989,41,Male,IT,IT Manager,High School,Married,4,6.4,8.3,98800.0,4.9,3.5,3.1,2,2.1,Yes,No,5-10 Years,Q4,Good,0
EMP10990,33,Male,Research & Development,Research Scientist,Master's,Divorced,1,1.0,3.9,40000.0,3.8,1.9,3.4,3,7.5,No,No,<1 Year,Q1,Good,0
EMP10991,39,Male,Finance,Financial Analyst,PhD,Married,2,0.5,6.7,42200.0,2.8,3.4,3.3,5,6.0,No,Yes,<1 Year,Q1,Good,1
EMP10992,38,Female,IT,Software Engineer,Bachelor's,Married,2,1.9,1.5,54600.0,3.5,2.4,3.0,5,24.3,No,No,1-3 Years,Q1,Average,0
EMP10993,34,Female,Sales,Sales Manager,Bachelor's,Married,3,5.4,6.9,77600.0,2.4,2.4,3.1,1,7.3,No,No,5-10 Years,Q3,Good,0
EMP10994,48,Male,Sales,Sales Manager,Master's,Married,2,2.2,7.8,68400.0,5.0,4.7,4.4,2,10.4,No,No,1-3 Years,Q2,Excellent,0
EMP10995,36,Female,Research & Development,Research Scientist,Master's,Married,2,2.9,4.9,57000.0,4.1,3.9,2.4,3,14.9,No,No,1-3 Years,Q2,Average,0
EMP10996,33,Male,IT,Systems Analyst,Bachelor's,Single,4,5.5,9.9,98400.0,2.9,2.3,2.9,3,14.2,Yes,No,5-10 Years,Q4,Average,0
EMP10997,35,Female,Sales,Sales Representative,High School,Married,2,4.4,8.6,62200.0,4.1,3.1,2.1,2,7.1,Yes,Yes,3-5 Years,Q2,Average,1
EMP10998,20,Female,IT,Systems Analyst,Bachelor's,Single,1,1.6,4.6,35100.0,1.3,3.3,3.4,3,8.0,Yes,No,1-3 Years,Q1,Good,0
EMP10999,37,Male,Finance,Financial Analyst,PhD,Single,3,6.6,10.2,92100.0,3.8,5.0,2.7,5,2.1,No,No,5-10 Years,Q4,Average,0
EMP11000,31,Male,Research & Development,R&D Manager,Master's,Single,4,5.2,5.7,103700.0,3.4,3.7,3.4,3,8.3,No,No,5-10 Years,Q4,Good,0
EMP11001,37,Male,Sales,Sales Executive,Bachelor's,Single,5,7.4,9.8,114100.0,2.4,3.3,3.3,3,16.6,Yes,No,5-10 Years,Q4,Good,0
EMP11002,36,Female,Research & Development,Laboratory Technician,Master's,Married,2,2.2,2.1,70900.0,2.8,3.7,1.7,4,13.5,Yes,Yes,1-3 Years,Q3,Low,1
EMP11003,25,Female,Finance,Accountant,Master's,Single,1,1.0,3.4,36200.0,3.5,2.6,3.2,1,21.3,No,No,<1 Year,Q1,Good,0
EMP11004,43,Male,Human Resources,Recruiter,Master's,Married,3,6.5,11.1,90600.0,3.8,3.8,1.9,1,14.0,No,Yes,5-10 Years,Q4,Low,1
EMP11005,52,Female,Human Resources,Recruiter,Master's,Divorced,3,5.2,7.5,81500.0,3.8,2.5,3.3,5,7.8,Yes,No,5-10 Years,Q3,Good,0
EMP11006,54,Female,Marketing,Marketing Manager,Master's,Married,5,8.7,11.8,119100.0,3.4,3.0,2.7,3,7.7,Yes,No,5-10 Years,Q4,Average,0
EMP11007,34,Male,Marketing,Marketing Analyst,Bachelor's,Single,1,3.8,1.3,52300.0,4.1,3.3,3.2,3,19.7,No,No,3-5 Years,Q1,Good,0
EMP11008,29,Male,Finance,Financial Analyst,High School,Married,2,3.0,5.3,61800.0,4.6,3.5,3.1,2,18.6,No,No,1-3 Years,Q2,Good,0
EMP11009,47,Male,Research & Development,Laboratory Technician,Master's,Single,1,1.4,2.7,46400.0,2.6,1.5,3.8,3,14.8,No,Yes,1-3 Years,Q1,Good,1
EMP11010,32,Male,Research & Development,R&D Manager,Master's,Married,2,2.4,6.6,61000.0,3.1,2.1,3.2,4,6.3,No,No,1-3 Years,Q2,Good,0
EMP11011,39,Female,IT,Software Engineer,Master's,Married,3,6.0,6.0,62500.0,3.8,3.4,2.5,4,18.6,Yes,No,5-10 Years,Q2,Average,0
EMP11012,26,Female,Research & Development,Research Scientist,Bachelor's,Married,3,6.6,9.0,91100.0,4.3,3.0,3.1,2,5.8,No,No,5-10 Years,Q4,Good,0
EMP11013,47,Female,IT,Software Engineer,Master's,Married,3,2.4,3.8,64800.0,3.3,2.1,3.7,4,21.4,No,No,1-3 Years,Q2,Good,0
EMP11014,48,Female,IT,Software Engineer,High School,Married,2,7.0,12.5,63800.0,4.3,2.8,2.9,5,1.9,Yes,No,5-10 Years,Q2,Average,0
EMP11015,40,Male,Sales,Sales Manager,Master's,Married,2,4.8,7.0,72700.0,2.9,2.4,3.1,2,1.6,No,No,3-5 Years,Q3,Good,0
EMP11016,31,Male,Research & Development,Research Scientist,Bachelor's,Divorced,1,2.1,8.0,48400.0,3.9,3.9,3.8,2,6.1,No,No,1-3 Years,Q1,Good,0
EMP11017,39,Male,Sales,Sales Manager,Master's,Married,2,3.5,4.5,42700.0,3.5,2.7,3.1,3,8.3,Yes,No,3-5 Years,Q1,Good,0
EMP11018,24,Female,Sales,Sales Representative,Master's,Single,3,5.1,3.2,74000.0,2.9,3.1,3.2,5,1.1,No,No,5-10 Years,Q3,Good,0
EMP11019,21,Male,Human Resources,HR Specialist,Bachelor's,Married,4,5.9,9.3,104300.0,4.1,3.5,3.5,4,5.3,No,No,5-10 Years,Q4,Good,0
EMP11020,41,Female,Finance,Accountant,PhD,Married,3,6.3,6.7,81600.0,2.4,2.3,3.3,3,2.6,Yes,No,5-10 Years,Q3,Good,0
EMP11021,44,Female,Research & Development,Research Scientist,Bachelor's,Single,1,2.2,2.7,32800.0,3.3,5.0,1.6,3,4.1,No,Yes,1-3 Years,Q1,Low,1
EMP11022,34,Female,Marketing,Marketing Analyst,Bachelor's,Single,1,0.7,2.7,49700.0,2.4,2.1,3.7,6,3.2,No,No,<1 Year,Q1,Good,0
EMP11023,25,Male,Sales,Sales Manager,Bachelor's,Single,2,3.8,6.6,65300.0,3.6,2.3,3.1,2,5.9,No,No,3-5 Years,Q2,Good,0
EMP11024,35,Male,Finance,Financial Analyst,Bachelor's,Single,3,6.2,13.4,90200.0,3.3,2.6,2.5,1,1.2,No,No,5-10 Years,Q4,Average,0
EMP11025,33,Male,Marketing,Marketing Manager,Bachelor's,Married,2,2.1,9.3,65000.0,3.0,3.2,2.7,1,6.1,Yes,No,1-3 Years,Q2,Average,0
EMP11026,51,Female,Research & Development,R&D Manager,Master's,Divorced,4,5.6,8.5,94700.0,4.1,2.3,3.2,1,7.4,No,No,5-10 Years,Q4,Good,0
EMP11027,31,Female,Research & Development,Laboratory Technician,Bachelor's,Married,2,4.7,8.9,68300.0,4.8,4.1,3.9,4,1.9,No,No,3-5 Years,Q2,Good,0
EMP11028,30,Male,Research & Development,Laboratory Technician,Master's,Single,1,4.3,9.6,57200.0,3.9,1.0,2.6,1,11.0,No,No,3-5 Years,Q2,Average,0
EMP11029,41,Male,Research & Development,Laboratory Technician,High School,Married,3,5.3,8.6,76800.0,1.0,2.2,4.0,2,14.6,No,No,5-10 Years,Q3,Good,0
EMP11030,34,Male,Sales,Sales Executive,PhD,Single,2,4.2,4.9,58400.0,4.0,2.7,4.0,1,17.4,No,No,3-5 Years,Q2,Good,0
EMP11031,27,Female,Research & Development,Research Scientist,Master's,Single,2,5.7,8.6,76900.0,4.0,3.1,4.3,3,11.1,No,No,5-10 Years,Q3,Excellent,0
EMP11032,29,Male,Human Resources,HR Manager,Master's,Married,4,5.7,8.8,97200.0,4.5,3.2,3.2,3,9.2,No,No,5-10 Years,Q4,Good,0
EMP11033,39,Male,IT,Software Engineer,High School,Married,3,4.2,5.3,85300.0,2.5,3.6,3.3,4,11.3,No,No,3-5 Years,Q3,Good,0
EMP11034,42,Male,Finance,Accountant,High School,Married,2,2.5,3.4,51200.0,3.8,4.0,2.3,4,4.8,No,No,1-3 Years,Q1,Average,0
EMP11035,41,Male,Research & Development,Laboratory Technician,Master's,Single,5,11.2,13.8,125900.0,4.3,3.4,2.4,3,22.1,No,No,10+ Years,Q4,Average,0
EMP11036,37,Male,Human Resources,HR Specialist,Master's,Married,4,6.6,10.8,103100.0,3.8,4.9,3.3,2,6.6,No,No,5-10 Years,Q4,Good,0
EMP11037,39,Male,Marketing,Marketing Analyst,High School,Married,2,4.0,6.4,61200.0,2.8,2.5,2.8,8,6.3,No,No,3-5 Years,Q2,Average,0
EMP11038,22,Male,IT,IT Support,Bachelor's,Married,3,8.1,11.1,81700.0,3.0,2.9,3.7,2,19.9,No,No,5-10 Years,Q3,Good,0
EMP11039,50,Female,Research & Development,R&D Manager,Bachelor's,Married,1,0.3,4.8,37700.0,3.4,2.9,3.2,7,7.1,No,No,<1 Year,Q1,Good,0
EMP11040,21,Female,IT,Software Engineer,Master's,Single,1,3.4,7.5,37000.0,3.5,3.4,3.6,0,5.6,No,No,3-5 Years,Q1,Good,0
EMP11041,40,Male,IT,Systems Analyst,Bachelor's,Divorced,2,1.7,6.4,59700.0,3.1,3.4,3.0,6,2.2,No,No,1-3 Years,Q2,Average,0
EMP11042,49,Male,Human Resources,Recruiter,Bachelor's,Divorced,4,2.6,3.0,90300.0,3.5,2.8,3.1,3,4.9,No,No,1-3 Years,Q4,Good,0
EMP11043,29,Male,Human Resources,Recruiter,Master's,Married,1,1.4,2.2,40300.0,2.1,4.9,4.7,5,1.2,No,No,1-3 Years,Q1,Excellent,0
EMP11044,28,Male,Marketing,Marketing Specialist,Master's,Single,2,1.1,3.3,58800.0,4.4,3.9,4.5,4,19.0,No,No,1-3 Years,Q2,Excellent,0
EMP11045,22,Female,Marketing,Marketing Manager,Bachelor's,Single,1,3.3,4.7,45400.0,2.4,3.8,2.2,6,9.2,No,No,3-5 Years,Q1,Average,0
EMP11046,34,Female,Human Resources,HR Manager,Master's,Married,2,0.2,3.2,59500.0,2.4,4.2,3.1,1,10.4,Yes,No,<1 Year,Q2,Good,0
EMP11047,36,Male,Marketing,Marketing Specialist,Master's,Divorced,3,4.2,8.0,83500.0,3.1,3.7,3.4,8,18.2,Yes,No,3-5 Years,Q3,Good,0
EMP11048,49,Female,Sales,Sales Executive,Bachelor's,Single,2,3.9,6.3,62400.0,3.2,3.9,3.4,5,5.0,Yes,No,3-5 Years,Q2,Good,0
EMP11049,47,Female,IT,IT Manager,Master's,Married,2,4.7,7.3,67300.0,4.4,2.8,4.0,1,11.7,No,No,3-5 Years,Q2,Good,0
EMP11050,28,Male,IT,Systems Analyst,Bachelor's,Single,1,2.9,3.2,60800.0,2.4,2.6,2.7,3,2.2,No,No,1-3 Years,Q2,Average,0
EMP11051,39,Male,Sales,Sales Executive,Bachelor's,Married,1,4.3,6.7,49200.0,4.2,3.2,1.7,4,9.8,No,No,3-5 Years,Q1,Low,0
EMP11052,45,Male,Finance,Accountant,Bachelor's,Married,3,7.1,9.4,77100.0,3.9,4.1,2.3,2,6.0,No,No,5-10 Years,Q3,Average,0
EMP11053,53,Female,IT,IT Support,Bachelor's,Divorced,3,4.5,5.0,98000.0,2.9,2.2,4.4,2,3.6,Yes,No,3-5 Years,Q4,Excellent,0
EMP11054,38,Female,Finance,Finance Manager,Bachelor's,Single,1,1.5,3.5,46000.0,3.7,2.1,3.5,2,13.1,No,No,1-3 Years,Q1,Good,0
EMP11055,40,Female,IT,IT Support,Bachelor's,Married,2,5.8,7.9,60500.0,4.3,3.0,2.8,3,3.7,Yes,No,5-10 Years,Q2,Average,0
EMP11056,31,Male,IT,Systems Analyst,Bachelor's,Married,4,4.9,7.0,97400.0,3.6,3.0,4.6,4,9.3,No,No,3-5 Years,Q4,Excellent,0
EMP11057,25,Female,Finance,Financial Analyst,Bachelor's,Divorced,2,3.2,5.0,55700.0,1.7,3.2,2.9,3,7.1,No,No,3-5 Years,Q2,Average,0
EMP11058,42,Male,Research & Development,R&D Manager,Bachelor's,Single,2,1.6,7.8,51300.0,1.4,4.5,3.3,4,14.5,No,No,1-3 Years,Q1,Good,0
EMP11059,37,Female,Finance,Financial Analyst,Bachelor's,Divorced,3,6.2,9.2,74200.0,2.2,3.5,1.9,1,18.9,No,No,5-10 Years,Q3,Low,0
EMP11060,41,Male,Sales,Sales Executive,Master's,Married,3,4.5,7.5,73000.0,4.2,3.3,2.7,3,16.6,Yes,Yes,3-5 Years,Q3,Average,1
EMP11061,36,Male,IT,IT Manager,Bachelor's,Married,1,5.2,6.9,58000.0,4.4,3.3,3.6,4,15.1,Yes,No,5-10 Years,Q2,Good,0
EMP11062,25,Female,Finance,Financial Analyst,Master's,Single,1,1.7,4.0,41800.0,3.1,2.0,3.4,1,11.5,No,No,1-3 Years,Q1,Good,0
EMP11063,32,Female,Finance,Financial Analyst,Master's,Single,1,1.8,4.9,33900.0,2.4,3.2,3.5,8,2.9,No,No,1-3 Years,Q1,Good,0
EMP11064,48,Male,Sales,Sales Representative,High School,Married,1,1.4,7.3,40200.0,2.4,4.3,2.2,3,11.2,No,No,1-3 Years,Q1,Average,0
EMP11065,20,Male,Research & Development,Research Scientist,Bachelor's,Married,3,7.8,10.7,90900.0,3.9,3.8,3.5,4,4.7,Yes,Yes,5-10 Years,Q4,Good,1
EMP11066,37,Male,Sales,Sales Representative,Master's,Single,4,6.9,6.1,105100.0,2.6,1.2,3.4,1,3.8,No,No,5-10 Years,Q4,Good,0
EMP11067,29,Female,Human Resources,Recruiter,Master's,Married,3,7.7,11.1,90100.0,3.1,2.4,3.2,3,10.8,No,No,5-10 Years,Q4,Good,0
EMP11068,42,Female,Finance,Finance Manager,Bachelor's,Married,2,1.4,5.6,64600.0,3.7,3.1,3.3,1,7.8,No,No,1-3 Years,Q2,Good,0
EMP11069,30,Female,Finance,Finance Manager,High School,Married,5,19.6,26.0,140300.0,4.4,3.3,3.1,4,11.4,No,No,10+ Years,Q4,Good,0
EMP11070,40,Male,Human Resources,HR Manager,Bachelor's,Single,3,5.0,7.1,81500.0,2.7,2.4,3.3,4,17.8,No,No,3-5 Years,Q3,Good,0
EMP11071,32,Female,Human Resources,HR Specialist,Bachelor's,Married,2,4.3,8.7,66100.0,2.8,3.1,3.3,5,18.1,No,No,3-5 Years,Q2,Good,0
EMP11072,36,Male,Marketing,Marketing Analyst,PhD,Single,1,3.8,7.1,56500.0,3.3,3.5,2.5,3,12.6,No,No,3-5 Years,Q2,Average,0
EMP11073,26,Female,Research & Development,Research Scientist,Master's,Married,1,0.2,2.7,36700.0,3.0,2.0,2.3,2,18.1,No,No,<1 Year,Q1,Average,0
EMP11074,29,Female,IT,IT Manager,Master's,Married,4,6.9,9.5,94000.0,2.1,3.2,1.2,3,5.4,Yes,No,5-10 Years,Q4,Low,0
EMP11075,33,Female,Sales,Sales Representative,Bachelor's,Married,3,6.8,10.2,83400.0,4.4,4.4,2.7,3,11.1,No,No,5-10 Years,Q3,Average,0
EMP11076,46,Female,Finance,Finance Manager,Master's,Married,1,2.4,3.2,47500.0,2.3,3.6,4.3,2,12.6,No,No,1-3 Years,Q1,Excellent,0
EMP11077,31,Male,IT,Systems Analyst,Bachelor's,Divorced,3,6.3,9.0,82000.0,3.7,3.2,3.1,3,9.0,No,No,5-10 Years,Q3,Good,0
EMP11078,22,Female,IT,IT Support,Bachelor's,Single,2,3.0,3.7,58900.0,3.6,2.3,2.6,3,4.2,No,No,1-3 Years,Q2,Average,0
EMP11079,41,Male,Human Resources,HR Manager,Master's,Married,4,13.8,17.1,111400.0,2.7,1.3,3.2,1,7.4,No,No,10+ Years,Q4,Good,0
EMP11080,45,Male,IT,IT Manager,Master's,Married,2,3.1,2.3,70000.0,3.1,1.5,2.4,3,21.7,Yes,Yes,3-5 Years,Q3,Average,1
EMP11081,32,Male,Human Resources,Recruiter,PhD,Married,2,3.4,7.1,53800.0,2.3,4.4,1.9,4,4.8,No,No,3-5 Years,Q1,Low,0
EMP11082,36,Male,Sales,Sales Executive,Master's,Single,3,5.3,6.0,85100.0,3.5,3.3,2.6,3,5.9,No,No,5-10 Years,Q3,Average,0
EMP11083,39,Male,Marketing,Marketing Manager,Master's,Single,1,3.3,5.6,45300.0,3.3,2.7,3.3,3,9.0,No,No,3-5 Years,Q1,Good,0
EMP11084,22,Male,Sales,Sales Executive,Master's,Married,3,2.6,10.5,87700.0,2.9,3.3,2.1,4,1.2,Yes,No,1-3 Years,Q4,Average,0
EMP11085,32,Female,Marketing,Marketing Analyst,Master's,Married,1,1.0,3.6,39400.0,1.6,2.9,3.1,2,20.8,No,Yes,<1 Year,Q1,Good,1
EMP11086,34,Female,IT,Systems Analyst,Master's,Single,4,9.2,12.8,105700.0,2.3,3.2,3.9,7,24.3,Yes,No,5-10 Years,Q4,Good,0
EMP11087,47,Male,Sales,Sales Executive,Master's,Single,3,4.1,5.9,78700.0,3.5,3.3,3.8,1,6.1,Yes,No,3-5 Years,Q3,Good,0
EMP11088,39,Male,Sales,Sales Representative,Bachelor's,Married,4,5.0,8.6,109200.0,3.8,1.8,2.6,3,5.0,No,No,3-5 Years,Q4,Average,0
EMP11089,48,Male,IT,Systems Analyst,Master's,Married,2,1.8,9.0,64400.0,3.6,2.4,2.8,2,1.0,No,Yes,1-3 Years,Q2,Average,1
EMP11090,37,Female,Finance,Financial Analyst,PhD,Single,2,2.1,3.5,59700.0,3.2,3.8,2.4,5,3.1,Yes,No,1-3 Years,Q2,Average,0
EMP11091,47,Male,Research & Development,Laboratory Technician,Bachelor's,Married,4,8.1,6.9,100600.0,3.7,4.4,2.8,2,3.6,No,No,5-10 Years,Q4,Average,0
EMP11092,38,Male,Marketing,Marketing Specialist,Master's,Single,1,1.6,5.9,37800.0,3.6,2.9,1.0,4,16.9,Yes,No,1-3 Years,Q1,Low,0
EMP11093,29,Female,Finance,Financial Analyst,Bachelor's,Married,5,12.5,13.4,129600.0,3.0,2.3,4.5,4,6.4,No,No,10+ Years,Q4,Excellent,0
EMP11094,37,Female,Research & Development,Laboratory Technician,Master's,Married,2,2.8,6.0,68700.0,2.4,3.5,3.2,4,7.5,No,No,1-3 Years,Q2,Good,0
EMP11095,37,Female,Human Resources,HR Specialist,Bachelor's,Single,2,5.9,7.7,84100.0,2.8,4.3,4.2,2,6.0,No,No,5-10 Years,Q3,Excellent,0
EMP11096,39,Male,IT,Systems Analyst,Bachelor's,Married,3,5.0,6.6,84700.0,3.4,1.4,2.8,4,7.5,No,No,3-5 Years,Q3,Average,0
EMP11097,57,Female,IT,IT Manager,Bachelor's,Married,1,0.9,0.0,43800.0,4.2,4.0,3.3,3,7.7,No,No,<1 Year,Q1,Good,0
EMP11098,48,Female,Finance,Accountant,Bachelor's,Married,3,6.2,10.1,81200.0,3.0,1.8,4.8,7,3.0,No,No,5-10 Years,Q3,Excellent,0
EMP11099,49,Male,IT,Systems Analyst,Bachelor's,Divorced,1,0.6,1.3,36500.0,1.9,2.8,3.4,1,30.6,No,No,<1 Year,Q1,Good,0
EMP11100,33,Female,Research & Development,Laboratory Technician,Master's,Divorced,3,4.6,5.6,77800.0,3.7,3.1,3.3,5,6.8,No,No,3-5 Years,Q3,Good,0
EMP11101,20,Male,Research & Development,R&D Manager,Bachelor's,Single,4,6.1,4.8,108200.0,3.1,3.6,3.7,4,11.6,No,No,5-10 Years,Q4,Good,0
EMP11102,46,Female,Research & Development,Research Scientist,Bachelor's,Single,1,2.5,3.4,46500.0,5.0,3.7,2.9,3,10.0,No,No,1-3 Years,Q1,Average,0
EMP11103,41,Female,Research & Development,Research Scientist,Bachelor's,Married,1,2.1,3.6,43200.0,3.6,2.9,2.9,7,18.0,No,No,1-3 Years,Q1,Average,0
EMP11104,20,Male,Marketing,Marketing Manager,Bachelor's,Married,4,11.3,11.8,109700.0,4.1,1.9,2.8,1,25.8,No,No,10+ Years,Q4,Average,0
EMP11105,43,Female,Sales,Sales Manager,Bachelor's,Married,2,3.7,7.0,61300.0,3.3,4.1,2.7,4,17.9,No,No,3-5 Years,Q2,Average,0
EMP11106,35,Female,IT,Systems Analyst,Bachelor's,Divorced,1,4.1,6.2,54200.0,1.6,2.7,2.7,4,12.3,No,No,3-5 Years,Q1,Average,0
EMP11107,31,Male,Research & Development,Research Scientist,Master's,Single,1,2.1,4.2,49600.0,3.6,3.4,3.4,1,7.9,Yes,No,1-3 Years,Q1,Good,0
EMP11108,43,Male,Finance,Financial Analyst,Master's,Divorced,2,4.0,4.5,63300.0,2.5,3.6,3.7,3,9.6,No,No,3-5 Years,Q2,Good,0
EMP11109,22,Male,Research & Development,Laboratory Technician,Bachelor's,Single,4,4.7,9.4,89400.0,3.0,4.1,3.0,2,8.1,Yes,No,3-5 Years,Q4,Average,0
EMP11110,43,Male,Finance,Finance Manager,Bachelor's,Married,3,6.4,11.5,87000.0,4.8,2.5,2.6,2,6.7,No,No,5-10 Years,Q3,Average,0
EMP11111,43,Male,Marketing,Marketing Analyst,Master's,Single,4,6.4,9.3,96300.0,3.3,2.3,3.3,6,13.3,No,No,5-10 Years,Q4,Good,0
EMP11112,36,Male,Human Resources,HR Manager,Bachelor's,Married,3,3.3,3.7,85600.0,4.3,2.4,3.5,2,5.1,No,No,3-5 Years,Q3,Good,0
EMP11113,35,Female,IT,IT Support,Bachelor's,Married,2,4.3,5.4,54000.0,3.3,2.2,2.8,0,2.4,Yes,No,3-5 Years,Q1,Average,0
EMP11114,34,Male,Finance,Financial Analyst,Bachelor's,Single,4,6.8,13.2,102000.0,1.4,2.7,3.0,1,5.0,No,No,5-10 Years,Q4,Average,0
EMP11115,31,Male,Sales,Sales Executive,Bachelor's,Married,4,10.9,13.2,104800.0,2.7,3.4,3.5,3,11.4,No,No,10+ Years,Q4,Good,0
EMP11116,39,Female,Sales,Sales Manager,Master's,Single,3,3.3,4.9,76200.0,3.7,4.4,3.2,3,6.8,No,No,3-5 Years,Q3,Good,0
EMP11117,41,Male,IT,Software Engineer,Bachelor's,Single,2,4.8,6.0,65700.0,1.5,3.0,3.2,6,10.3,No,No,3-5 Years,Q2,Good,0
EMP11118,34,Female,Human Resources,HR Specialist,High School,Married,4,6.7,12.0,100700.0,2.8,2.3,3.9,1,1.8,Yes,No,5-10 Years,Q4,Good,0
EMP11119,48,Female,Marketing,Marketing Manager,Bachelor's,Married,1,1.7,4.2,54100.0,3.7,3.9,3.2,4,11.8,No,No,1-3 Years,Q1,Good,0
EMP11120,33,Female,IT,Systems Analyst,Bachelor's,Married,4,1.9,2.3,95600.0,3.8,4.9,3.1,1,15.8,No,No,1-3 Years,Q4,Good,0
EMP11121,35,Female,Sales,Sales Executive,Bachelor's,Single,2,3.0,7.9,47900.0,4.6,2.3,3.1,3,21.0,No,Yes,1-3 Years,Q1,Good,1
EMP11122,30,Male,IT,Software Engineer,Master's,Single,3,2.7,8.3,83700.0,2.4,4.1,4.2,2,2.6,No,No,1-3 Years,Q3,Excellent,0
EMP11123,43,Male,Sales,Sales Executive,Master's,Single,2,1.6,4.7,46600.0,3.5,3.7,4.2,2,3.7,No,No,1-3 Years,Q1,Excellent,0
EMP11124,29,Female,IT,IT Manager,Master's,Single,2,3.5,7.2,73700.0,3.3,3.0,3.4,3,1.9,Yes,No,3-5 Years,Q3,Good,0
EMP11125,31,Male,Sales,Sales Manager,Bachelor's,Single,5,14.4,18.9,127600.0,4.4,2.9,3.0,2,7.0,Yes,No,10+ Years,Q4,Average,0
EMP11126,36,Male,Human Resources,HR Specialist,High School,Single,3,1.4,4.4,66700.0,2.3,2.7,3.6,3,20.4,No,Yes,1-3 Years,Q2,Good,1
EMP11127,34,Male,Research & Development,Research Scientist,Master's,Divorced,3,3.8,4.6,71200.0,2.4,2.1,2.0,1,6.3,No,No,3-5 Years,Q3,Low,0
EMP11128,49,Male,IT,Systems Analyst,Master's,Single,1,5.2,11.7,48900.0,4.5,2.9,3.0,0,13.8,No,Yes,5-10 Years,Q1,Average,1
EMP11129,30,Male,Marketing,Marketing Analyst,Bachelor's,Married,2,4.0,6.0,61200.0,1.8,3.0,3.8,4,12.2,Yes,Yes,3-5 Years,Q2,Good,1
EMP11130,40,Male,IT,Software Engineer,Master's,Married,5,9.9,10.2,119900.0,1.6,3.4,3.8,2,15.7,No,No,5-10 Years,Q4,Good,0
EMP11131,36,Female,Finance,Accountant,Bachelor's,Single,3,4.4,5.0,62800.0,2.5,3.4,2.5,2,12.8,No,No,3-5 Years,Q2,Average,0
EMP11132,44,Male,Finance,Finance Manager,Bachelor's,Married,2,2.7,1.0,53600.0,3.9,3.4,2.4,2,8.6,No,Yes,1-3 Years,Q1,Average,1
EMP11133,28,Female,Marketing,Marketing Manager,Master's,Divorced,3,4.3,5.3,89100.0,3.3,4.6,3.9,5,10.1,Yes,No,3-5 Years,Q4,Good,0
EMP11134,22,Male,IT,Software Engineer,High School,Single,4,3.1,2.9,98000.0,2.3,2.4,2.7,2,28.4,No,No,3-5 Years,Q4,Average,0
EMP11135,20,Male,Marketing,Marketing Specialist,Bachelor's,Single,1,3.8,8.4,54800.0,3.6,2.6,3.0,7,6.4,No,No,3-5 Years,Q1,Average,0
EMP11136,23,Male,Finance,Accountant,Bachelor's,Married,1,1.9,3.9,41300.0,3.1,2.4,2.9,3,12.3,No,Yes,1-3 Years,Q1,Average,1
EMP11137,43,Female,Research & Development,R&D Manager,Bachelor's,Single,3,5.1,7.0,81700.0,2.8,1.8,2.3,4,13.6,No,No,5-10 Years,Q3,Average,0
EMP11138,47,Male,Sales,Sales Executive,High School,Married,1,5.4,7.9,51700.0,4.0,4.3,3.3,0,5.1,Yes,No,5-10 Years,Q1,Good,0
EMP11139,42,Male,Marketing,Marketing Manager,High School,Single,3,5.7,9.0,78100.0,5.0,2.3,3.4,2,13.3,Yes,No,5-10 Years,Q3,Good,0
EMP11140,34,Male,Human Resources,HR Specialist,High School,Divorced,2,4.3,9.0,59100.0,2.8,2.8,2.6,1,4.9,No,No,3-5 Years,Q2,Average,0
EMP11141,31,Male,Sales,Sales Representative,PhD,Married,3,2.9,6.9,77200.0,2.3,3.1,4.4,6,26.6,No,Yes,1-3 Years,Q3,Excellent,1
EMP11142,41,Female,Sales,Sales Manager,Bachelor's,Married,3,5.3,5.0,84300.0,3.5,2.4,3.6,0,6.8,No,No,5-10 Years,Q3,Good,0
EMP11143,30,Female,Sales,Sales Manager,Master's,Single,3,3.9,6.0,67300.0,3.2,3.4,3.6,3,10.3,No,No,3-5 Years,Q2,Good,0
EMP11144,38,Female,Finance,Finance Manager,Master's,Single,3,7.5,10.5,86400.0,1.4,3.8,3.1,6,2.1,No,No,5-10 Years,Q3,Good,0
EMP11145,37,Male,IT,IT Support,Master's,Married,2,1.5,1.7,51500.0,3.8,2.6,2.9,2,11.6,Yes,No,1-3 Years,Q1,Average,0
EMP11146,24,Female,Research & Development,Research Scientist,Bachelor's,Single,2,1.1,2.3,62000.0,1.2,2.6,2.9,4,2.0,Yes,No,1-3 Years,Q2,Average,0
EMP11147,48,Female,Finance,Financial Analyst,Bachelor's,Single,2,6.3,8.5,64400.0,3.6,4.4,3.4,1,4.3,Yes,No,5-10 Years,Q2,Good,0
EMP11148,34,Male,IT,Systems Analyst,Bachelor's,Married,2,5.6,9.3,64900.0,4.8,3.3,2.7,3,4.6,No,No,5-10 Years,Q2,Average,0
EMP11149,29,Female,Sales,Sales Representative,Master's,Single,2,3.4,4.8,59600.0,4.6,3.4,2.8,3,1.0,No,No,3-5 Years,Q2,Average,0
EMP11150,35,Male,Marketing,Marketing Manager,Bachelor's,Single,1,4.4,5.5,47200.0,5.0,2.7,3.1,7,1.0,No,Yes,3-5 Years,Q1,Good,1
EMP11151,33,Female,IT,Software Engineer,Bachelor's,Single,1,3.7,4.5,47900.0,3.8,3.3,3.1,1,17.1,No,No,3-5 Years,Q1,Good,0
EMP11152,29,Male,Research & Development,Research Scientist,High School,Divorced,1,4.4,7.4,52400.0,3.2,3.1,3.6,3,1.5,Yes,Yes,3-5 Years,Q1,Good,1
EMP11153,26,Male,Human Resources,Recruiter,Bachelor's,Married,4,9.3,13.7,104300.0,2.8,3.8,2.9,2,16.9,Yes,No,5-10 Years,Q4,Average,0
EMP11154,38,Female,Marketing,Marketing Manager,Bachelor's,Married,2,2.9,4.1,62900.0,5.0,5.0,5.0,5,10.5,No,No,1-3 Years,Q2,Excellent,0
EMP11155,39,Female,Research & Development,Research Scientist,Bachelor's,Single,2,6.2,8.6,63700.0,2.8,3.0,3.2,1,24.2,No,No,5-10 Years,Q2,Good,0
EMP11156,28,Male,Research & Development,R&D Manager,Master's,Married,5,12.2,12.5,125400.0,3.2,3.8,3.8,0,8.6,No,No,10+ Years,Q4,Good,0
EMP11157,42,Male,IT,IT Support,Bachelor's,Single,1,0.2,1.7,52000.0,2.9,1.0,3.2,3,10.8,No,No,<1 Year,Q1,Good,0
EMP11158,32,Male,Marketing,Marketing Specialist,Master's,Married,1,3.1,4.2,48200.0,3.4,3.4,4.8,3,13.2,No,No,3-5 Years,Q1,Excellent,0
EMP11159,33,Male,Research & Development,R&D Manager,Master's,Married,3,3.2,4.1,74400.0,2.6,2.3,3.8,5,9.9,Yes,No,3-5 Years,Q3,Good,0
EMP11160,39,Female,Research & Development,R&D Manager,Bachelor's,Married,2,3.0,7.1,62800.0,2.7,3.4,2.4,1,16.4,No,No,1-3 Years,Q2,Average,0
EMP11161,25,Female,Research & Development,Laboratory Technician,Bachelor's,Married,1,3.4,8.0,51700.0,2.0,3.5,4.1,9,8.5,No,No,3-5 Years,Q1,Excellent,0
EMP11162,38,Male,Research & Development,Research Scientist,Master's,Married,3,8.8,8.1,86000.0,2.3,2.2,3.0,1,6.7,No,No,5-10 Years,Q3,Average,0
EMP11163,38,Female,Research & Development,R&D Manager,Bachelor's,Married,3,4.1,6.4,72600.0,3.1,3.0,2.8,3,2.0,Yes,No,3-5 Years,Q3,Average,0
EMP11164,43,Female,Sales,Sales Executive,Bachelor's,Married,2,2.0,4.6,66700.0,4.3,5.0,1.6,2,12.0,No,No,1-3 Years,Q2,Low,0
EMP11165,46,Female,IT,Software Engineer,Bachelor's,Married,3,1.2,3.4,84500.0,3.2,3.6,3.0,5,19.7,No,Yes,1-3 Years,Q3,Average,1
EMP11166,50,Female,IT,IT Manager,Master's,Single,3,5.0,5.9,76500.0,1.9,5.0,3.5,4,18.6,No,No,3-5 Years,Q3,Good,0
EMP11167,43,Female,Research & Development,R&D Manager,Bachelor's,Married,2,2.3,5.4,56200.0,2.7,4.0,3.9,3,6.8,No,No,1-3 Years,Q2,Good,0
EMP11168,26,Male,IT,Systems Analyst,Master's,Single,2,3.0,7.9,71000.0,2.0,3.3,2.7,3,11.3,No,No,1-3 Years,Q3,Average,0
EMP11169,23,Male,Research & Development,Research Scientist,Bachelor's,Single,3,2.5,3.4,74200.0,2.6,2.4,3.2,2,5.2,Yes,Yes,1-3 Years,Q3,Good,1
EMP11170,39,Male,Human Resources,HR Specialist,Bachelor's,Married,1,1.4,4.6,46900.0,3.6,4.1,1.9,2,1.1,No,No,1-3 Years,Q1,Low,0
EMP11171,30,Male,Human Resources,HR Specialist,Bachelor's,Married,3,4.5,10.4,89800.0,2.3,3.2,2.1,1,7.9,No,No,3-5 Years,Q4,Average,0
EMP11172,33,Male,Human Resources,HR Manager,Master's,Single,4,6.9,9.3,100500.0,4.3,2.3,3.9,4,12.4,No,No,5-10 Years,Q4,Good,0
EMP11173,45,Male,Research & Development,Research Scientist,Master's,Single,2,4.1,5.7,72300.0,1.8,3.1,4.1,3,11.4,No,No,3-5 Years,Q3,Excellent,0
EMP11174,40,Male,Research & Development,R&D Manager,Bachelor's,Single,1,1.2,2.7,41000.0,3.2,1.9,3.7,6,6.0,No,No,1-3 Years,Q1,Good,0
EMP11175,49,Male,Research & Development,R&D Manager,Bachelor's,Single,2,1.7,2.8,58900.0,3.8,3.2,2.8,7,22.3,No,Yes,1-3 Years,Q2,Average,1
EMP11176,37,Female,Research & Development,R&D Manager,Bachelor's,Single,3,2.3,5.2,73400.0,2.1,2.4,4.1,3,16.3,No,No,1-3 Years,Q3,Excellent,0
EMP11177,41,Male,Research & Development,Research Scientist,Bachelor's,Married,2,0.6,1.5,42300.0,1.9,4.0,2.5,1,5.9,No,No,<1 Year,Q1,Average,0
EMP11178,20,Female,Finance,Financial Analyst,Master's,Married,5,10.1,16.2,102100.0,2.1,1.7,2.4,4,34.3,No,Yes,10+ Years,Q4,Average,1
EMP11179,38,Male,Marketing,Marketing Specialist,Bachelor's,Married,3,1.9,2.2,71600.0,4.2,2.3,3.9,1,6.7,No,No,1-3 Years,Q3,Good,0
EMP11180,37,Female,Research & Development,Laboratory Technician,High School,Married,2,8.8,14.1,68400.0,1.7,2.9,3.5,3,4.6,No,No,5-10 Years,Q2,Good,0
EMP11181,33,Male,IT,Systems Analyst,PhD,Divorced,4,6.0,8.7,101000.0,3.4,2.7,3.2,0,6.4,No,No,5-10 Years,Q4,Good,0
EMP11182,30,Female,Sales,Sales Representative,Bachelor's,Single,2,7.2,9.4,78000.0,3.6,3.7,2.0,7,4.7,No,No,5-10 Years,Q3,Low,0
EMP11183,38,Female,Sales,Sales Executive,Bachelor's,Single,2,1.2,5.0,62800.0,3.6,2.9,4.2,5,9.5,No,Yes,1-3 Years,Q2,Excellent,1
EMP11184,20,Female,IT,Software Engineer,Master's,Married,3,6.0,8.6,84300.0,4.1,1.4,4.1,2,7.3,No,No,5-10 Years,Q3,Excellent,0
EMP11185,29,Female,Sales,Sales Representative,Bachelor's,Single,2,7.4,7.4,64400.0,3.5,3.6,2.6,3,7.2,Yes,No,5-10 Years,Q2,Average,0
EMP11186,49,Male,IT,Systems Analyst,Master's,Married,1,1.7,0.6,40600.0,1.9,3.1,3.4,3,38.7,Yes,Yes,1-3 Years,Q1,Good,1
EMP11187,32,Female,Research & Development,R&D Manager,Master's,Married,2,2.9,6.1,67600.0,3.3,3.5,2.9,4,10.1,Yes,No,1-3 Years,Q2,Average,0
EMP11188,39,Male,IT,Software Engineer,Bachelor's,Single,1,0.4,4.1,42700.0,3.9,3.6,3.1,3,12.0,No,No,<1 Year,Q1,Good,0
EMP11189,35,Female,Research & Development,Research Scientist,Master's,Single,2,5.7,9.0,76000.0,5.0,2.0,4.2,3,5.2,Yes,Yes,5-10 Years,Q3,Excellent,1
EMP11190,20,Male,Human Resources,Recruiter,Master's,Married,5,4.8,5.5,102100.0,2.6,2.1,2.3,1,9.2,Yes,No,3-5 Years,Q4,Average,0
EMP11191,44,Female,Sales,Sales Manager,Bachelor's,Single,1,1.9,4.7,38400.0,2.6,3.0,4.3,5,12.7,Yes,No,1-3 Years,Q1,Excellent,0
EMP11192,34,Male,Finance,Accountant,Master's,Married,1,1.3,3.6,41600.0,2.1,3.3,3.4,1,5.6,No,No,1-3 Years,Q1,Good,0
EMP11193,41,Female,Sales,Sales Representative,Bachelor's,Married,2,4.1,8.9,67300.0,3.1,3.0,3.5,3,2.7,Yes,No,3-5 Years,Q2,Good,0
EMP11194,42,Female,Sales,Sales Representative,High School,Single,2,6.1,11.3,54900.0,3.8,4.4,1.7,1,11.9,Yes,No,5-10 Years,Q2,Low,0
EMP11195,32,Female,Finance,Financial Analyst,Master's,Single,1,1.6,7.2,35000.0,2.2,2.5,2.9,6,4.1,No,No,1-3 Years,Q1,Average,0
EMP11196,35,Female,Marketing,Marketing Analyst,Bachelor's,Married,2,3.4,6.8,66600.0,3.3,3.8,2.3,1,2.7,No,No,3-5 Years,Q2,Average,0
EMP11197,35,Female,Sales,Sales Representative,Bachelor's,Divorced,4,8.4,11.8,94500.0,3.6,3.2,3.3,3,6.4,No,No,5-10 Years,Q4,Good,0
EMP11198,46,Male,Finance,Accountant,Bachelor's,Single,4,6.7,7.7,105700.0,4.1,2.2,2.8,2,7.4,No,No,5-10 Years,Q4,Average,0
EMP11199,50,Male,Research & Development,Research Scientist,Bachelor's,Single,3,4.3,7.2,78100.0,1.9,3.2,3.5,5,5.2,No,No,3-5 Years,Q3,Good,0
EMP11200,42,Female,Research & Development,R&D Manager,Master's,Married,2,3.3,5.3,62600.0,3.5,2.4,2.2,4,6.0,No,No,3-5 Years,Q2,Average,0
EMP11201,27,Female,Research & Development,R&D Manager,Bachelor's,Married,2,1.3,5.1,53700.0,3.8,5.0,2.9,3,2.3,No,No,1-3 Years,Q1,Average,0
EMP11202,30,Female,Finance,Finance Manager,Bachelor's,Single,3,2.5,6.7,80900.0,2.3,2.8,3.7,2,13.6,No,No,1-3 Years,Q3,Good,0
EMP11203,44,Female,Research & Development,Research Scientist,Master's,Single,1,1.1,3.9,47400.0,2.9,2.9,2.7,5,20.0,No,Yes,1-3 Years,Q1,Average,1
EMP11204,29,Female,Research & Development,R&D Manager,PhD,Married,3,9.2,11.6,93800.0,1.7,2.6,3.5,4,13.0,No,No,5-10 Years,Q4,Good,0
EMP11205,38,Male,Sales,Sales Representative,Bachelor's,Married,5,8.5,12.3,114100.0,3.0,3.9,2.5,6,4.7,No,No,5-10 Years,Q4,Average,0
EMP11206,33,Male,Finance,Accountant,High School,Married,3,6.0,8.5,82600.0,2.1,2.8,3.7,4,1.4,No,No,5-10 Years,Q3,Good,0
EMP11207,30,Female,IT,Software Engineer,Master's,Single,1,1.6,3.7,41200.0,4.7,4.1,3.9,2,10.6,Yes,No,1-3 Years,Q1,Good,0
EMP11208,44,Male,Marketing,Marketing Analyst,Bachelor's,Married,1,1.9,4.3,38700.0,2.8,3.9,3.5,1,15.9,Yes,Yes,1-3 Years,Q1,Good,1
EMP11209,25,Male,Finance,Accountant,Master's,Single,1,2.8,6.6,40300.0,3.2,1.7,3.3,2,13.9,No,No,1-3 Years,Q1,Good,0
EMP11210,43,Female,Sales,Sales Representative,Bachelor's,Married,4,6.3,10.0,103300.0,3.2,2.9,3.5,3,8.5,Yes,No,5-10 Years,Q4,Good,0
EMP11211,25,Male,Human Resources,HR Manager,Master's,Married,2,1.0,0.0,56700.0,1.2,2.9,3.7,4,2.1,No,Yes,<1 Year,Q2,Good,1
EMP11212,34,Female,Finance,Accountant,Master's,Single,3,8.9,6.9,96000.0,3.8,3.6,3.8,3,12.8,No,No,5-10 Years,Q4,Good,0
EMP11213,31,Male,Sales,Sales Manager,Master's,Single,1,1.9,5.4,42500.0,3.5,4.2,3.3,3,13.5,Yes,No,1-3 Years,Q1,Good,0
EMP11214,41,Male,Sales,Sales Manager,Bachelor's,Single,2,4.9,5.8,62100.0,3.1,3.4,2.6,2,3.8,No,No,3-5 Years,Q2,Average,0
EMP11215,41,Female,Research & Development,Research Scientist,Master's,Single,3,6.5,10.8,86800.0,3.9,3.1,3.7,4,7.3,No,No,5-10 Years,Q3,Good,0
EMP11216,21,Male,Finance,Financial Analyst,Master's,Married,1,3.3,7.2,37900.0,2.4,2.1,3.3,1,1.1,No,No,3-5 Years,Q1,Good,0
EMP11217,33,Female,Human Resources,HR Manager,High School,Married,2,4.5,6.7,52800.0,2.2,3.7,4.5,3,4.8,No,No,3-5 Years,Q1,Excellent,0
EMP11218,38,Male,Finance,Accountant,Bachelor's,Single,2,1.1,1.0,53900.0,2.8,1.8,2.0,0,4.9,Yes,No,1-3 Years,Q1,Low,0
EMP11219,32,Male,Human Resources,Recruiter,Master's,Married,2,0.9,2.1,53900.0,3.4,5.0,3.7,2,17.1,No,No,<1 Year,Q1,Good,0
EMP11220,28,Female,Marketing,Marketing Manager,Bachelor's,Married,2,5.4,9.2,70300.0,3.0,3.4,2.5,6,6.8,No,No,5-10 Years,Q3,Average,0
EMP11221,38,Female,Sales,Sales Representative,High School,Married,3,4.7,5.9,77900.0,3.4,2.2,3.5,0,6.0,No,No,3-5 Years,Q3,Good,0
EMP11222,40,Male,Research & Development,Research Scientist,Bachelor's,Single,2,3.3,6.5,59900.0,2.5,2.1,2.2,2,7.3,No,No,3-5 Years,Q2,Average,0
EMP11223,39,Male,IT,Software Engineer,Master's,Single,1,0.7,2.8,42100.0,3.1,1.3,4.0,4,6.5,No,Yes,<1 Year,Q1,Good,1
EMP11224,31,Male,Human Resources,HR Specialist,Master's,Married,1,2.2,1.3,33400.0,3.1,3.7,1.3,3,16.0,No,No,1-3 Years,Q1,Low,0
EMP11225,33,Female,Sales,Sales Executive,Master's,Married,1,0.7,0.7,39000.0,4.1,4.1,3.0,5,8.2,No,No,<1 Year,Q1,Average,0
EMP11226,31,Female,Finance,Accountant,Bachelor's,Divorced,2,3.4,9.3,63200.0,2.8,3.0,2.4,5,3.1,Yes,No,3-5 Years,Q2,Average,0
EMP11227,37,Female,Research & Development,R&D Manager,High School,Married,2,1.3,6.5,61500.0,2.6,3.8,2.8,2,10.8,No,No,1-3 Years,Q2,Average,0
EMP11228,44,Female,IT,Software Engineer,Bachelor's,Single,2,5.6,7.9,67600.0,2.7,3.7,3.8,4,2.6,No,No,5-10 Years,Q2,Good,0
EMP11229,51,Male,Research & Development,Research Scientist,Master's,Married,1,3.8,7.8,42900.0,3.8,3.5,2.7,2,11.6,No,No,3-5 Years,Q1,Average,0
EMP11230,20,Female,IT,Systems Analyst,Bachelor's,Single,4,5.1,6.6,97800.0,3.3,4.0,2.3,5,6.7,No,Yes,5-10 Years,Q4,Average,1
EMP11231,24,Female,Human Resources,HR Manager,Bachelor's,Married,1,2.4,7.1,37900.0,2.9,4.1,3.3,2,11.0,Yes,No,1-3 Years,Q1,Good,0
EMP11232,35,Female,Marketing,Marketing Analyst,Master's,Married,1,2.4,4.2,37600.0,4.6,2.9,3.5,6,19.4,Yes,No,1-3 Years,Q1,Good,0
EMP11233,32,Female,Marketing,Marketing Manager,Bachelor's,Married,2,2.6,8.1,62000.0,2.8,3.7,3.5,2,6.1,No,No,1-3 Years,Q2,Good,0
EMP11234,38,Male,Marketing,Marketing Manager,Bachelor's,Single,1,2.0,2.4,51200.0,1.4,1.4,2.7,1,6.7,No,No,1-3 Years,Q1,Average,0
EMP11235,36,Female,Sales,Sales Representative,Bachelor's,Single,2,4.2,7.5,54600.0,2.9,3.2,4.0,0,15.0,No,No,3-5 Years,Q1,Good,0
EMP11236,39,Male,IT,Systems Analyst,Bachelor's,Married,4,3.0,5.7,93400.0,2.2,2.1,4.1,3,3.5,Yes,No,1-3 Years,Q4,Excellent,0
EMP11237,35,Male,IT,IT Manager,Bachelor's,Married,4,9.2,12.5,107100.0,3.1,3.6,3.5,1,7.5,No,No,5-10 Years,Q4,Good,0
EMP11238,24,Male,Finance,Accountant,Master's,Married,2,3.8,3.6,70100.0,4.5,2.1,3.9,1,3.5,No,No,3-5 Years,Q3,Good,0
EMP11239,30,Male,Sales,Sales Executive,High School,Single,2,7.3,12.2,77300.0,2.1,3.6,3.4,3,1.2,No,No,5-10 Years,Q3,Good,0
EMP11240,25,Male,Human Resources,HR Manager,Master's,Single,5,9.2,8.8,106600.0,3.4,2.6,1.8,4,5.6,No,Yes,5-10 Years,Q4,Low,1
EMP11241,33,Male,IT,IT Support,PhD,Single,2,1.6,0.9,56100.0,2.0,4.0,3.0,5,9.2,Yes,Yes,1-3 Years,Q2,Average,1
EMP11242,38,Male,Research & Development,R&D Manager,Bachelor's,Single,5,19.6,20.7,138400.0,3.3,5.0,4.2,1,17.4,No,No,10+ Years,Q4,Excellent,0
EMP11243,40,Male,Sales,Sales Manager,Master's,Single,2,2.7,8.6,58000.0,2.3,2.1,4.3,2,5.8,Yes,Yes,1-3 Years,Q2,Excellent,1
EMP11244,33,Female,Marketing,Marketing Specialist,PhD,Divorced,1,3.0,5.8,42000.0,4.2,2.9,4.1,3,10.6,Yes,Yes,1-3 Years,Q1,Excellent,1
EMP11245,39,Male,Finance,Finance Manager,Bachelor's,Married,4,4.4,9.7,104200.0,4.4,3.4,3.1,2,5.7,Yes,No,3-5 Years,Q4,Good,0
EMP11246,20,Female,Finance,Finance Manager,High School,Divorced,2,4.4,7.9,61600.0,4.2,4.0,3.9,9,7.8,No,No,3-5 Years,Q2,Good,0
EMP11247,34,Female,Human Resources,HR Specialist,Bachelor's,Single,1,2.0,4.8,58200.0,3.1,3.8,2.8,0,13.3,No,Yes,1-3 Years,Q2,Average,1
EMP11248,31,Male,Finance,Financial Analyst,Bachelor's,Married,2,2.9,3.1,64300.0,1.1,3.6,3.4,5,14.2,No,Yes,1-3 Years,Q2,Good,1
EMP11249,43,Male,Research & Development,R&D Manager,Master's,Married,5,21.7,24.1,145700.0,1.8,2.3,4.3,4,8.0,Yes,No,10+ Years,Q4,Excellent,0
EMP11250,40,Male,IT,Systems Analyst,Master's,Single,2,8.4,10.7,69100.0,1.9,2.6,2.9,5,21.7,No,No,5-10 Years,Q3,Average,0
EMP11251,31,Male,Sales,Sales Manager,Bachelor's,Single,4,7.9,14.4,100400.0,2.5,3.7,3.5,1,8.4,No,No,5-10 Years,Q4,Good,0
EMP11252,40,Male,Marketing,Marketing Specialist,Master's,Single,2,3.8,3.8,63600.0,4.3,2.6,2.9,2,5.2,No,No,3-5 Years,Q2,Average,0
EMP11253,40,Female,IT,IT Manager,Master's,Single,2,2.3,6.7,59900.0,3.0,2.8,4.9,2,10.8,No,No,1-3 Years,Q2,Excellent,0
EMP11254,20,Female,Finance,Financial Analyst,Master's,Married,4,8.4,12.0,108600.0,1.9,3.2,4.3,4,8.3,No,No,5-10 Years,Q4,Excellent,0
EMP11255,30,Female,IT,Systems Analyst,Bachelor's,Married,3,5.4,6.1,95700.0,3.6,2.5,4.2,7,2.5,No,No,5-10 Years,Q4,Excellent,0
EMP11256,46,Female,Marketing,Marketing Analyst,Master's,Married,4,2.4,6.9,96600.0,4.7,2.5,2.7,2,1.7,Yes,Yes,1-3 Years,Q4,Average,1
EMP11257,30,Female,Human Resources,HR Specialist,Bachelor's,Married,3,7.6,10.0,89000.0,3.5,2.4,3.7,2,6.6,No,No,5-10 Years,Q4,Good,0
EMP11258,26,Male,Research & Development,Laboratory Technician,Master's,Married,2,1.5,2.0,53600.0,3.6,1.6,4.3,4,3.9,No,Yes,1-3 Years,Q1,Excellent,1
EMP11259,35,Male,Human Resources,HR Manager,Bachelor's,Single,2,2.5,7.0,64100.0,4.4,2.7,3.2,2,11.8,No,Yes,1-3 Years,Q2,Good,1
EMP11260,28,Female,Research & Development,Research Scientist,Master's,Married,3,6.6,13.6,87600.0,4.9,2.7,3.0,1,7.2,Yes,No,5-10 Years,Q3,Average,0
EMP11261,41,Male,IT,Software Engineer,Bachelor's,Single,2,3.8,3.8,59200.0,3.9,4.1,2.0,4,12.2,Yes,Yes,3-5 Years,Q2,Low,1
EMP11262,37,Male,Marketing,Marketing Manager,Master's,Married,3,8.1,12.0,78900.0,3.0,2.2,3.5,0,13.2,No,No,5-10 Years,Q3,Good,0
EMP11263,35,Male,Sales,Sales Representative,Master's,Single,2,0.4,3.0,49700.0,3.5,2.2,4.5,1,13.1,Yes,No,<1 Year,Q1,Excellent,0
EMP11264,28,Female,IT,IT Support,PhD,Single,2,3.5,8.4,65700.0,4.4,3.7,3.0,1,23.4,No,No,3-5 Years,Q2,Average,0
EMP11265,37,Male,Finance,Finance Manager,Master's,Single,4,5.8,13.0,80700.0,3.1,3.5,2.6,3,13.3,No,No,5-10 Years,Q3,Average,0
EMP11266,31,Male,Research & Development,R&D Manager,Bachelor's,Married,1,4.1,7.3,48000.0,4.2,2.3,4.0,2,5.1,No,No,3-5 Years,Q1,Good,0
EMP11267,45,Female,Sales,Sales Representative,Bachelor's,Single,4,8.4,10.2,104800.0,4.3,2.9,4.1,4,6.4,Yes,No,5-10 Years,Q4,Excellent,0
EMP11268,35,Male,Finance,Finance Manager,Master's,Single,2,3.6,8.2,54400.0,4.8,2.6,4.1,1,7.8,No,No,3-5 Years,Q1,Excellent,0
EMP11269,54,Male,Research & Development,Research Scientist,PhD,Single,2,2.0,5.6,62200.0,2.4,2.1,3.3,5,9.8,Yes,No,1-3 Years,Q2,Good,0
EMP11270,33,Female,Research & Development,R&D Manager,Bachelor's,Married,2,2.1,3.8,66600.0,4.4,4.7,2.2,3,33.3,No,Yes,1-3 Years,Q2,Average,1
EMP11271,37,Female,Sales,Sales Representative,Bachelor's,Single,2,5.3,7.1,71800.0,3.1,2.1,4.1,0,4.7,No,No,5-10 Years,Q3,Excellent,0
EMP11272,27,Male,Research & Development,Laboratory Technician,Bachelor's,Married,4,8.6,12.1,106700.0,3.2,4.0,2.6,0,7.3,No,No,5-10 Years,Q4,Average,0
EMP11273,37,Female,Finance,Finance Manager,Master's,Married,1,1.8,4.3,44600.0,4.0,2.8,3.4,4,7.2,No,Yes,1-3 Years,Q1,Good,1
EMP11274,30,Male,IT,IT Manager,High School,Single,2,4.5,5.7,67100.0,2.3,4.2,3.3,3,11.4,No,No,3-5 Years,Q2,Good,0
EMP11275,32,Male,Marketing,Marketing Manager,Bachelor's,Single,3,2.4,6.8,62900.0,3.9,3.4,3.3,2,10.1,No,No,1-3 Years,Q2,Good,0
EMP11276,40,Female,Research & Development,Laboratory Technician,Bachelor's,Single,1,5.4,7.6,63000.0,3.6,4.5,2.9,2,3.0,Yes,No,5-10 Years,Q2,Average,0
EMP11277,39,Male,IT,IT Support,Master's,Single,1,0.9,3.8,31900.0,2.7,2.9,2.6,1,8.4,No,No,<1 Year,Q1,Average,0
EMP11278,45,Male,Research & Development,Research Scientist,Bachelor's,Married,1,3.4,5.2,50600.0,3.4,3.0,3.0,3,9.9,Yes,No,3-5 Years,Q1,Average,0
EMP11279,41,Male,Research & Development,R&D Manager,Master's,Married,1,0.9,3.2,48400.0,3.1,2.5,2.6,5,3.3,No,No,<1 Year,Q1,Average,0
EMP11280,33,Male,Sales,Sales Manager,PhD,Single,1,2.4,5.0,53200.0,2.1,1.9,3.4,4,29.2,No,No,1-3 Years,Q1,Good,0
EMP11281,41,Female,Research & Development,Research Scientist,Bachelor's,Divorced,2,4.8,6.9,65800.0,3.8,2.7,3.4,1,10.6,Yes,No,3-5 Years,Q2,Good,0
EMP11282,28,Male,Finance,Finance Manager,Bachelor's,Single,3,5.1,4.3,78000.0,3.0,3.1,3.6,3,9.1,Yes,No,5-10 Years,Q3,Good,0
EMP11283,36,Female,Human Resources,HR Manager,Master's,Single,1,0.7,0.0,34900.0,3.5,3.6,2.8,5,1.3,No,No,<1 Year,Q1,Average,0
EMP11284,41,Male,IT,Systems Analyst,Bachelor's,Divorced,2,4.0,8.0,70400.0,2.9,3.3,3.6,1,15.1,Yes,No,3-5 Years,Q3,Good,0
EMP11285,32,Female,Research & Development,Laboratory Technician,Master's,Single,2,3.1,7.0,63500.0,5.0,3.2,3.7,1,5.2,Yes,No,3-5 Years,Q2,Good,0
EMP11286,22,Male,IT,Software Engineer,Bachelor's,Married,3,6.2,7.7,87600.0,5.0,3.7,3.4,3,8.2,No,No,5-10 Years,Q3,Good,0
EMP11287,32,Male,Sales,Sales Manager,Bachelor's,Divorced,2,3.0,2.6,64300.0,2.7,4.1,2.3,3,20.2,No,No,1-3 Years,Q2,Average,0
EMP11288,24,Female,Human Resources,HR Specialist,High School,Single,1,0.6,1.5,44900.0,3.7,2.6,2.8,3,5.1,No,No,<1 Year,Q1,Average,0
EMP11289,22,Male,Research & Development,Laboratory Technician,High School,Divorced,3,2.7,3.2,75400.0,3.4,3.9,2.7,3,3.8,No,No,1-3 Years,Q3,Average,0
EMP11290,29,Female,IT,Software Engineer,High School,Married,3,2.1,7.7,73700.0,3.9,2.6,2.1,4,15.9,Yes,Yes,1-3 Years,Q3,Average,1
EMP11291,38,Male,IT,Systems Analyst,Master's,Divorced,3,6.3,11.3,79000.0,3.3,2.4,3.4,3,12.6,Yes,No,5-10 Years,Q3,Good,0
EMP11292,37,Male,IT,IT Manager,Bachelor's,Divorced,3,8.4,8.9,82500.0,3.3,1.9,3.7,3,11.4,Yes,No,5-10 Years,Q3,Good,0
EMP11293,38,Male,Human Resources,HR Specialist,Bachelor's,Single,3,1.5,7.8,72400.0,2.4,2.4,2.7,0,19.5,No,No,1-3 Years,Q3,Average,0
EMP11294,33,Male,Research & Development,Laboratory Technician,Master's,Married,2,2.8,4.6,63000.0,4.4,3.2,4.6,3,6.1,No,No,1-3 Years,Q2,Excellent,0
EMP11295,46,Female,Human Resources,HR Manager,Master's,Single,3,2.4,6.2,72800.0,4.3,2.9,3.0,4,9.2,No,Yes,1-3 Years,Q3,Average,1
EMP11296,28,Male,Sales,Sales Representative,Bachelor's,Single,1,1.6,3.8,43400.0,4.0,3.8,3.9,4,9.5,No,No,1-3 Years,Q1,Good,0
EMP11297,26,Female,Finance,Finance Manager,Master's,Married,3,4.5,6.3,69100.0,3.2,3.8,2.5,2,11.2,Yes,No,3-5 Years,Q3,Average,0
EMP11298,35,Female,Sales,Sales Executive,Bachelor's,Married,3,3.3,8.6,84900.0,2.3,2.7,2.5,3,6.9,No,No,3-5 Years,Q3,Average,0
EMP11299,24,Female,Research & Development,Laboratory Technician,Master's,Single,3,6.4,9.4,85500.0,3.6,5.0,2.6,2,14.2,No,No,5-10 Years,Q3,Average,0
EMP11300,31,Male,Research & Development,R&D Manager,Bachelor's,Married,3,1.7,6.2,69300.0,4.6,1.6,3.1,2,6.1,No,No,1-3 Years,Q3,Good,0
EMP11301,37,Male,Marketing,Marketing Specialist,Master's,Single,2,6.1,14.1,61000.0,4.4,3.1,3.6,3,14.7,No,No,5-10 Years,Q2,Good,0
EMP11302,35,Male,IT,IT Support,High School,Divorced,2,2.3,5.7,54700.0,3.1,3.0,4.5,5,16.4,No,Yes,1-3 Years,Q1,Excellent,1
EMP11303,46,Male,Research & Development,R&D Manager,Master's,Divorced,5,8.1,6.9,115300.0,4.8,4.2,3.2,2,13.6,No,No,5-10 Years,Q4,Good,0
EMP11304,32,Female,Sales,Sales Executive,Bachelor's,Single,4,6.7,9.7,91600.0,2.9,4.6,2.8,1,33.9,No,No,5-10 Years,Q4,Average,0
EMP11305,42,Female,IT,Software Engineer,Master's,Single,3,3.4,2.9,73300.0,4.5,2.0,3.5,2,11.3,No,No,3-5 Years,Q3,Good,0
EMP11306,25,Male,IT,Software Engineer,Bachelor's,Single,1,1.7,5.2,41500.0,2.5,2.3,3.2,3,9.3,No,No,1-3 Years,Q1,Good,0
EMP11307,34,Male,IT,IT Support,Bachelor's,Married,3,4.0,9.2,78900.0,3.3,1.9,3.5,4,7.3,No,No,3-5 Years,Q3,Good,0
EMP11308,42,Male,Research & Development,R&D Manager,Bachelor's,Married,2,5.6,8.3,70400.0,4.1,2.7,2.9,2,4.9,Yes,No,5-10 Years,Q3,Average,0
EMP11309,45,Male,Marketing,Marketing Specialist,Master's,Single,2,4.3,1.5,55000.0,2.3,2.1,2.7,3,11.2,Yes,Yes,3-5 Years,Q2,Average,1
EMP11310,36,Male,Research & Development,R&D Manager,Bachelor's,Single,1,0.7,3.9,43900.0,3.2,4.9,3.0,2,6.7,No,No,<1 Year,Q1,Average,0
EMP11311,31,Female,Marketing,Marketing Specialist,Bachelor's,Divorced,4,6.8,10.8,91800.0,2.5,2.8,4.8,3,13.5,No,No,5-10 Years,Q4,Excellent,0
EMP11312,24,Male,Sales,Sales Executive,High School,Divorced,1,3.5,6.1,36400.0,2.4,3.0,3.1,5,13.5,No,No,3-5 Years,Q1,Good,0
EMP11313,46,Female,Research & Development,R&D Manager,Master's,Married,3,2.8,1.6,71300.0,3.3,3.6,4.6,6,5.4,No,No,1-3 Years,Q3,Excellent,0
EMP11314,40,Male,Research & Development,R&D Manager,Master's,Divorced,1,0.5,0.0,24100.0,2.0,2.9,3.0,5,1.2,Yes,No,<1 Year,Q1,Average,0
EMP11315,25,Male,IT,Systems Analyst,Bachelor's,Married,2,3.3,8.9,67000.0,4.4,1.4,1.6,3,5.6,No,No,3-5 Years,Q2,Low,0
EMP11316,49,Male,IT,Software Engineer,Master's,Single,4,6.6,13.1,106400.0,2.9,2.3,3.4,3,10.4,No,No,5-10 Years,Q4,Good,0
EMP11317,30,Male,Research & Development,R&D Manager,Bachelor's,Single,4,6.1,6.3,97400.0,3.7,2.1,3.7,2,3.6,No,No,5-10 Years,Q4,Good,0
EMP11318,23,Male,Research & Development,R&D Manager,High School,Single,3,3.9,9.1,81800.0,3.1,2.1,3.5,5,5.3,No,No,3-5 Years,Q3,Good,0
EMP11319,39,Male,Human Resources,Recruiter,PhD,Married,2,6.6,6.3,63300.0,2.1,2.8,3.6,1,3.9,No,No,5-10 Years,Q2,Good,0
EMP11320,35,Male,Sales,Sales Representative,Bachelor's,Divorced,2,2.7,4.4,58100.0,2.4,3.6,3.1,1,10.5,No,Yes,1-3 Years,Q2,Good,1
EMP11321,42,Female,Finance,Finance Manager,Bachelor's,Single,2,3.8,4.8,47900.0,2.4,3.1,4.1,4,2.1,No,No,3-5 Years,Q1,Excellent,0
EMP11322,32,Female,IT,IT Manager,High School,Married,5,9.8,9.6,115000.0,4.8,2.3,3.2,2,13.0,No,No,5-10 Years,Q4,Good,0
EMP11323,27,Male,Finance,Financial Analyst,Bachelor's,Divorced,2,6.2,8.6,69000.0,3.5,2.3,2.8,1,14.1,No,No,5-10 Years,Q2,Average,0
EMP11324,23,Female,Sales,Sales Representative,Bachelor's,Single,3,3.1,7.8,69100.0,4.5,3.1,3.0,2,8.2,No,No,3-5 Years,Q3,Average,0
EMP11325,34,Male,Sales,Sales Representative,High School,Single,4,7.1,10.4,101500.0,2.0,2.9,2.6,3,6.9,No,No,5-10 Years,Q4,Average,0
EMP11326,25,Female,Sales,Sales Manager,High School,Divorced,3,6.9,10.3,85000.0,4.8,1.9,3.2,3,18.1,No,No,5-10 Years,Q3,Good,0
EMP11327,39,Female,Research & Development,Laboratory Technician,Master's,Married,4,3.9,6.1,101000.0,4.5,3.3,1.0,3,16.9,No,No,3-5 Years,Q4,Low,0
EMP11328,37,Female,Human Resources,Recruiter,PhD,Divorced,3,9.8,14.5,87400.0,3.7,4.1,3.5,2,2.0,No,No,5-10 Years,Q3,Good,0
EMP11329,41,Male,Research & Development,R&D Manager,Bachelor's,Divorced,3,7.0,7.9,87400.0,3.4,2.6,3.1,5,12.8,No,No,5-10 Years,Q3,Good,0
EMP11330,27,Female,IT,IT Manager,Bachelor's,Single,2,1.9,4.3,50800.0,3.3,2.9,4.4,4,4.5,No,No,1-3 Years,Q1,Excellent,0
EMP11331,43,Male,Sales,Sales Manager,PhD,Single,3,5.8,9.9,91800.0,4.0,2.5,3.1,6,15.6,Yes,No,5-10 Years,Q4,Good,0
EMP11332,31,Female,Research & Development,Laboratory Technician,Bachelor's,Married,2,3.0,3.8,62700.0,3.3,2.9,2.6,4,9.1,No,No,1-3 Years,Q2,Average,0
EMP11333,30,Male,IT,IT Manager,Bachelor's,Single,3,3.1,4.0,82700.0,2.9,4.2,3.2,2,5.5,No,No,3-5 Years,Q3,Good,0
EMP11334,43,Male,IT,IT Manager,Master's,Married,3,1.1,3.2,75300.0,3.2,2.0,3.4,3,18.7,No,No,1-3 Years,Q3,Good,0
EMP11335,35,Female,Finance,Accountant,Master's,Married,1,3.3,5.1,36800.0,2.7,3.0,2.2,3,4.8,No,No,3-5 Years,Q1,Average,0
EMP11336,44,Female,Research & Development,Laboratory Technician,Bachelor's,Married,4,6.1,8.3,96400.0,4.8,4.5,2.4,1,10.8,No,No,5-10 Years,Q4,Average,0
EMP11337,32,Female,Sales,Sales Executive,Master's,Married,1,3.4,3.3,50700.0,2.3,2.8,3.8,3,4.3,No,No,3-5 Years,Q1,Good,0
EMP11338,21,Female,Research & Development,R&D Manager,Master's,Married,3,3.7,3.5,59600.0,5.0,3.5,3.5,4,2.6,No,Yes,3-5 Years,Q2,Good,1
EMP11339,30,Male,Human Resources,Recruiter,PhD,Single,4,7.1,13.8,104000.0,1.6,2.7,4.2,3,8.4,No,No,5-10 Years,Q4,Excellent,0
EMP11340,20,Female,IT,Systems Analyst,High School,Single,5,23.3,25.1,139000.0,3.5,2.8,2.6,2,9.7,No,No,10+ Years,Q4,Average,0
EMP11341,35,Male,Marketing,Marketing Manager,Master's,Married,2,0.8,0.0,58200.0,3.2,3.7,3.7,4,11.0,Yes,Yes,<1 Year,Q2,Good,1
EMP11342,46,Male,Research & Development,Laboratory Technician,Master's,Married,5,19.7,22.5,134600.0,3.5,3.2,3.3,1,24.7,No,No,10+ Years,Q4,Good,0
EMP11343,43,Male,Finance,Finance Manager,Master's,Married,1,3.7,6.2,42900.0,2.0,4.0,3.2,1,19.5,Yes,No,3-5 Years,Q1,Good,0
EMP11344,21,Female,Sales,Sales Representative,Master's,Single,2,3.0,7.0,59700.0,2.5,1.7,3.2,1,4.1,No,No,1-3 Years,Q2,Good,0
EMP11345,38,Male,Human Resources,HR Manager,Bachelor's,Married,4,6.4,11.0,97200.0,4.6,3.8,2.8,2,9.2,No,No,5-10 Years,Q4,Average,0
EMP11346,39,Male,Research & Development,Laboratory Technician,High School,Married,2,1.3,1.8,62200.0,3.0,2.9,4.0,1,14.8,No,Yes,1-3 Years,Q2,Good,1
EMP11347,38,Female,Human Resources,HR Specialist,Master's,Married,3,5.0,8.2,81000.0,3.4,1.8,2.6,1,12.0,No,No,3-5 Years,Q3,Average,0
EMP11348,33,Male,Finance,Finance Manager,Bachelor's,Married,3,7.3,8.3,83200.0,2.7,2.8,3.7,3,19.1,Yes,No,5-10 Years,Q3,Good,0
EMP11349,41,Female,Human Resources,Recruiter,PhD,Married,4,8.3,14.7,96000.0,3.7,2.7,4.2,2,7.3,Yes,Yes,5-10 Years,Q4,Excellent,1
EMP11350,52,Female,IT,IT Support,Bachelor's,Single,5,6.3,9.5,119400.0,3.8,2.0,2.5,4,1.8,Yes,Yes,5-10 Years,Q4,Average,1
EMP11351,44,Female,Finance,Financial Analyst,Bachelor's,Divorced,3,3.9,4.8,81000.0,3.7,1.9,2.9,4,13.0,No,No,3-5 Years,Q3,Average,0
EMP11352,45,Male,Sales,Sales Manager,High School,Married,3,6.3,9.4,77900.0,2.8,1.1,2.3,3,20.4,No,No,5-10 Years,Q3,Average,0
EMP11353,32,Male,Sales,Sales Executive,Master's,Single,4,7.4,10.7,96900.0,2.2,4.6,3.2,3,6.3,No,No,5-10 Years,Q4,Good,0
EMP11354,39,Female,Research & Development,Laboratory Technician,Master's,Married,4,9.3,13.6,94700.0,2.5,4.4,4.1,4,8.7,No,Yes,5-10 Years,Q4,Excellent,1
EMP11355,26,Female,Sales,Sales Executive,PhD,Married,1,0.5,6.4,34800.0,3.9,3.8,3.0,4,16.0,Yes,No,<1 Year,Q1,Average,0
EMP11356,29,Male,Human Resources,HR Manager,Bachelor's,Married,5,10.8,12.8,122800.0,2.8,3.3,3.0,1,16.7,Yes,No,10+ Years,Q4,Average,0
EMP11357,35,Male,IT,Systems Analyst,Bachelor's,Married,2,4.7,6.1,77500.0,2.3,2.9,4.0,2,19.0,No,No,3-5 Years,Q3,Good,0
EMP11358,40,Male,IT,IT Manager,Master's,Single,1,1.9,7.1,43500.0,1.0,4.1,3.0,3,9.0,No,No,1-3 Years,Q1,Average,0
EMP11359,24,Male,Sales,Sales Representative,Bachelor's,Divorced,2,1.7,2.6,62400.0,4.1,2.5,4.0,2,24.7,Yes,No,1-3 Years,Q2,Good,0
EMP11360,36,Male,Finance,Financial Analyst,Bachelor's,Married,3,3.3,8.3,84100.0,4.3,3.5,2.8,6,12.6,Yes,No,3-5 Years,Q3,Average,0
EMP11361,48,Male,IT,Systems Analyst,Bachelor's,Single,3,3.5,6.3,80200.0,2.9,3.2,3.0,5,6.0,No,No,3-5 Years,Q3,Average,0
EMP11362,24,Male,IT,Software Engineer,Bachelor's,Single,1,2.5,4.4,40400.0,3.3,4.1,3.8,3,4.3,No,No,1-3 Years,Q1,Good,0
EMP11363,31,Female,Research & Development,Laboratory Technician,High School,Single,5,9.8,12.6,122600.0,3.4,3.0,4.9,2,6.6,Yes,No,5-10 Years,Q4,Excellent,0
EMP11364,48,Female,Marketing,Marketing Specialist,Bachelor's,Single,1,3.1,4.6,40000.0,1.9,3.0,2.8,5,18.3,No,No,3-5 Years,Q1,Average,0
EMP11365,37,Male,Research & Development,R&D Manager,Bachelor's,Single,5,13.5,15.8,132400.0,1.0,1.1,4.2,0,1.2,No,No,10+ Years,Q4,Excellent,0
EMP11366,35,Female,Sales,Sales Manager,Master's,Single,2,1.7,1.1,61700.0,1.0,4.1,2.8,3,15.1,No,No,1-3 Years,Q2,Average,0
EMP11367,36,Female,Sales,Sales Representative,Master's,Divorced,2,0.1,1.5,50700.0,1.3,3.5,2.8,4,4.7,No,No,<1 Year,Q1,Average,0
EMP11368,30,Male,Research & Development,Research Scientist,Master's,Married,3,4.8,8.8,82500.0,2.7,3.6,4.0,4,1.1,No,No,3-5 Years,Q3,Good,0
EMP11369,44,Female,Sales,Sales Representative,Bachelor's,Single,5,11.8,13.1,123300.0,4.3,3.6,3.4,3,18.1,No,No,10+ Years,Q4,Good,0
EMP11370,31,Female,Research & Development,Laboratory Technician,Master's,Divorced,1,2.2,8.4,44700.0,2.5,3.4,2.7,5,10.7,No,No,1-3 Years,Q1,Average,0
EMP11371,33,Male,Research & Development,Research Scientist,Bachelor's,Single,4,7.5,5.2,94100.0,3.6,3.1,2.9,3,16.5,No,No,5-10 Years,Q4,Average,0
EMP11372,30,Male,Research & Development,Laboratory Technician,Bachelor's,Married,3,1.9,6.0,75400.0,2.8,3.6,3.2,4,17.8,No,No,1-3 Years,Q3,Good,0
EMP11373,40,Female,Sales,Sales Manager,Bachelor's,Married,4,7.6,11.1,94200.0,2.9,3.7,3.0,3,5.7,No,No,5-10 Years,Q4,Average,0
EMP11374,31,Male,Finance,Finance Manager,Bachelor's,Married,1,1.9,5.8,50100.0,2.8,2.4,3.8,1,10.1,Yes,No,1-3 Years,Q1,Good,0
EMP11375,31,Female,Sales,Sales Manager,PhD,Married,1,3.3,8.1,54100.0,2.0,3.2,3.1,3,4.4,No,No,3-5 Years,Q1,Good,0
EMP11376,33,Female,Research & Development,Research Scientist,Master's,Married,2,0.2,4.0,44300.0,3.6,2.7,3.1,0,10.5,No,No,<1 Year,Q1,Good,0
EMP11377,38,Female,IT,IT Manager,High School,Married,1,1.5,6.1,42700.0,4.3,2.5,2.4,3,24.6,No,No,1-3 Years,Q1,Average,0
EMP11378,24,Female,IT,IT Manager,Master's,Single,1,1.5,1.1,39300.0,3.6,2.6,3.1,3,2.4,Yes,No,1-3 Years,Q1,Good,0
EMP11379,31,Female,Marketing,Marketing Specialist,High School,Single,2,4.6,5.2,72500.0,5.0,2.3,3.5,0,10.0,No,No,3-5 Years,Q3,Good,0
EMP11380,37,Female,Research & Development,Research Scientist,High School,Divorced,2,2.5,8.0,40400.0,3.0,2.3,2.7,2,20.7,No,Yes,1-3 Years,Q1,Average,1
EMP11381,39,Male,Sales,Sales Manager,Bachelor's,Single,3,7.1,8.7,82900.0,3.9,3.5,3.3,2,7.1,No,No,5-10 Years,Q3,Good,0
EMP11382,28,Male,Marketing,Marketing Manager,Bachelor's,Divorced,2,6.4,8.5,60300.0,3.1,3.9,3.0,3,11.2,No,No,5-10 Years,Q2,Average,0
EMP11383,38,Female,Research & Development,Research Scientist,High School,Single,2,3.3,5.8,59500.0,1.8,4.4,2.8,2,8.6,No,No,3-5 Years,Q2,Average,0
EMP11384,38,Male,Research & Development,Laboratory Technician,Bachelor's,Married,5,8.2,9.2,117500.0,3.6,2.4,3.1,4,2.7,No,No,5-10 Years,Q4,Good,0
EMP11385,28,Female,Finance,Financial Analyst,Bachelor's,Married,5,12.5,15.1,122500.0,3.1,3.0,4.1,2,4.9,No,No,10+ Years,Q4,Excellent,0
EMP11386,43,Male,IT,Systems Analyst,Master's,Single,2,4.9,5.8,64900.0,4.0,3.7,3.0,4,2.8,No,No,3-5 Years,Q2,Average,0
EMP11387,26,Male,Marketing,Marketing Manager,Bachelor's,Single,1,0.7,4.8,34000.0,3.9,3.5,3.1,2,7.5,Yes,No,<1 Year,Q1,Good,0
EMP11388,27,Male,Research & Development,Research Scientist,Master's,Single,3,1.8,5.2,63500.0,3.5,2.4,3.1,2,28.6,No,No,1-3 Years,Q2,Good,0
EMP11389,34,Male,IT,IT Manager,Bachelor's,Single,3,5.4,8.1,73300.0,4.0,3.7,2.6,6,16.7,Yes,Yes,5-10 Years,Q3,Average,1
EMP11390,40,Female,Sales,Sales Manager,Bachelor's,Single,2,5.5,6.4,62400.0,4.0,4.5,3.5,2,14.3,Yes,No,5-10 Years,Q2,Good,0
EMP11391,38,Female,Sales,Sales Executive,Bachelor's,Single,1,1.3,0.0,45800.0,4.0,3.0,2.8,5,4.7,No,No,1-3 Years,Q1,Average,0
EMP11392,47,Male,IT,Software Engineer,Master's,Single,4,5.6,8.2,95900.0,2.1,1.7,3.9,3,19.1,No,No,5-10 Years,Q4,Good,0
EMP11393,53,Male,Marketing,Marketing Manager,Master's,Married,1,0.9,0.3,35400.0,3.4,2.2,2.7,3,6.9,No,No,<1 Year,Q1,Average,0
EMP11394,43,Female,Human Resources,HR Specialist,Master's,Married,1,1.7,4.8,69100.0,2.6,3.9,3.2,1,8.1,Yes,No,1-3 Years,Q1,Good,0
EMP11395,38,Male,Marketing,Marketing Specialist,Bachelor's,Married,3,3.0,6.2,69900.0,4.1,3.6,2.9,2,15.6,No,No,1-3 Years,Q3,Average,0
EMP11396,42,Male,Research & Development,R&D Manager,Bachelor's,Single,1,1.4,4.9,37000.0,3.5,2.1,4.2,3,4.2,No,No,1-3 Years,Q1,Excellent,0
EMP11397,44,Male,Finance,Financial Analyst,Bachelor's,Single,2,5.9,6.9,81900.0,5.0,2.7,3.5,4,6.7,Yes,No,5-10 Years,Q3,Good,0
EMP11398,25,Male,IT,Systems Analyst,Master's,Married,3,6.4,10.5,79800.0,3.6,2.6,2.5,2,18.2,No,Yes,5-10 Years,Q3,Average,1
EMP11399,20,Male,Sales,Sales Executive,Master's,Single,3,5.0,4.9,75200.0,3.6,4.3,4.0,3,9.3,No,No,3-5 Years,Q3,Good,0
EMP11400,38,Male,Research & Development,R&D Manager,Master's,Single,1,1.7,3.4,43800.0,3.9,4.0,4.4,2,1.2,Yes,No,1-3 Years,Q1,Excellent,0
EMP11401,33,Male,Finance,Finance Manager,Bachelor's,Married,1,1.1,4.0,23500.0,3.4,2.0,3.8,2,6.8,No,No,1-3 Years,Q1,Good,0
EMP11402,38,Male,Sales,Sales Representative,Bachelor's,Married,2,1.1,0.0,58500.0,1.3,3.0,2.9,3,10.6,No,No,1-3 Years,Q2,Average,0
EMP11403,51,Male,IT,IT Support,Master's,Married,2,1.2,1.6,64000.0,2.7,4.2,2.4,6,2.7,No,No,1-3 Years,Q2,Average,0
EMP11404,42,Female,IT,IT Support,Master's,Single,3,8.1,7.2,78400.0,4.6,3.8,3.4,1,4.8,No,No,5-10 Years,Q3,Good,0
EMP11405,34,Female,Sales,Sales Manager,Master's,Divorced,4,6.0,8.6,93600.0,3.7,3.0,4.4,2,15.3,No,No,5-10 Years,Q4,Excellent,0
EMP11406,28,Male,Sales,Sales Executive,Bachelor's,Married,4,7.2,11.5,107200.0,1.6,1.3,3.1,3,16.3,Yes,No,5-10 Years,Q4,Good,0
EMP11407,45,Male,Sales,Sales Representative,Master's,Divorced,2,2.2,5.9,58200.0,4.7,3.2,3.3,1,5.7,Yes,Yes,1-3 Years,Q2,Good,1
EMP11408,22,Female,Research & Development,Laboratory Technician,Bachelor's,Married,4,8.3,11.9,69100.0,4.0,4.9,3.1,0,16.8,Yes,Yes,5-10 Years,Q4,Good,1
EMP11409,32,Female,Human Resources,HR Manager,Bachelor's,Married,1,3.5,7.5,51600.0,3.9,3.0,4.0,2,7.4,No,No,3-5 Years,Q1,Good,0
EMP11410,29,Female,Sales,Sales Representative,PhD,Married,1,3.7,6.9,67300.0,3.1,3.1,2.7,1,8.3,Yes,No,3-5 Years,Q2,Average,0
EMP11411,41,Female,IT,IT Support,PhD,Married,3,3.4,4.2,71200.0,5.0,4.4,3.6,2,4.3,No,Yes,3-5 Years,Q3,Good,1
EMP11412,35,Male,Sales,Sales Representative,Master's,Married,2,4.7,8.7,71900.0,3.0,3.6,2.6,3,2.1,No,No,3-5 Years,Q3,Average,0
EMP11413,28,Male,Finance,Accountant,Bachelor's,Married,1,2.7,6.7,69100.0,3.1,2.5,3.4,1,1.7,No,No,1-3 Years,Q1,Good,0
EMP11414,30,Male,Finance,Accountant,High School,Single,1,1.9,0.0,56000.0,4.3,3.7,2.7,6,6.0,No,No,1-3 Years,Q2,Average,0
EMP11415,41,Male,Finance,Financial Analyst,Master's,Married,1,4.3,10.1,63800.0,5.0,2.3,3.3,1,1.0,No,Yes,3-5 Years,Q2,Good,1
EMP11416,48,Male,Sales,Sales Representative,Master's,Married,2,4.0,8.9,62600.0,2.9,3.1,4.0,2,14.0,Yes,No,3-5 Years,Q2,Good,0
EMP11417,25,Male,IT,IT Support,Master's,Single,3,4.5,8.0,72100.0,4.2,2.9,3.8,1,12.7,No,No,3-5 Years,Q3,Good,0
EMP11418,28,Male,Research & Development,Research Scientist,Bachelor's,Divorced,3,6.3,11.1,74800.0,2.8,1.8,2.8,1,40.0,Yes,No,5-10 Years,Q3,Average,0
EMP11419,38,Female,Research & Development,R&D Manager,Bachelor's,Single,1,2.3,0.4,35400.0,3.0,2.7,2.0,4,9.6,Yes,Yes,1-3 Years,Q1,Low,1
EMP11420,38,Female,Marketing,Marketing Specialist,PhD,Single,4,8.3,9.9,95300.0,1.9,1.6,2.2,3,1.9,No,No,5-10 Years,Q4,Average,0
EMP11421,44,Male,Sales,Sales Manager,PhD,Divorced,1,1.3,6.5,39100.0,3.3,3.7,3.1,4,2.7,No,No,1-3 Years,Q1,Good,0
EMP11422,29,Female,Sales,Sales Representative,Bachelor's,Married,2,3.6,4.7,62900.0,3.2,3.1,3.5,3,6.0,Yes,No,3-5 Years,Q2,Good,0
EMP11423,43,Female,Human Resources,Recruiter,Master's,Married,1,0.4,2.9,46000.0,3.3,4.1,2.4,2,13.0,Yes,No,<1 Year,Q1,Average,0
EMP11424,36,Female,Human Resources,HR Specialist,Bachelor's,Married,2,3.5,4.8,62000.0,1.3,2.1,4.2,1,12.0,Yes,No,3-5 Years,Q2,Excellent,0
EMP11425,35,Male,Human Resources,Recruiter,Master's,Married,4,5.8,6.5,102500.0,1.3,2.6,4.0,4,9.0,Yes,No,5-10 Years,Q4,Good,0
EMP11426,41,Male,Human Resources,HR Specialist,Bachelor's,Single,5,15.8,18.1,130900.0,4.3,4.6,2.0,5,12.0,No,No,10+ Years,Q4,Low,0
EMP11427,33,Male,Research & Development,R&D Manager,PhD,Single,4,9.3,11.1,108300.0,2.4,1.5,5.0,4,24.4,No,No,5-10 Years,Q4,Excellent,0
EMP11428,34,Male,Research & Development,Laboratory Technician,Bachelor's,Married,2,3.5,5.3,62000.0,1.9,2.8,4.0,4,10.6,No,No,3-5 Years,Q2,Good,0
EMP11429,24,Male,Sales,Sales Representative,Master's,Single,5,9.2,11.8,118000.0,3.2,2.7,2.4,1,5.0,No,No,5-10 Years,Q4,Average,0
EMP11430,30,Female,Sales,Sales Executive,Master's,Married,3,8.4,9.4,85500.0,2.3,3.7,2.1,3,13.4,No,No,5-10 Years,Q3,Average,0
EMP11431,39,Female,IT,IT Manager,Master's,Married,1,2.7,2.8,33000.0,2.4,3.8,3.4,1,6.4,No,No,1-3 Years,Q1,Good,0
EMP11432,31,Female,Sales,Sales Manager,Bachelor's,Married,4,9.3,12.1,106400.0,1.9,3.1,2.6,4,16.8,No,No,5-10 Years,Q4,Average,0
EMP11433,41,Male,Research & Development,R&D Manager,High School,Married,2,1.5,4.3,58800.0,2.8,2.5,3.8,4,1.0,Yes,Yes,1-3 Years,Q2,Good,1
EMP11434,37,Female,Sales,Sales Representative,Master's,Single,2,7.3,10.6,65800.0,4.5,4.0,3.2,2,4.5,No,No,5-10 Years,Q2,Good,0
EMP11435,22,Male,IT,Systems Analyst,Bachelor's,Married,2,2.4,2.9,55500.0,3.2,3.7,3.1,2,5.1,No,No,1-3 Years,Q2,Good,0
EMP11436,30,Male,Sales,Sales Manager,High School,Married,4,7.3,8.7,102100.0,3.7,3.1,2.9,4,4.1,No,No,5-10 Years,Q4,Average,0
EMP11437,27,Male,Human Resources,Recruiter,Bachelor's,Single,4,10.9,11.6,114200.0,1.5,3.5,3.6,3,3.9,No,No,10+ Years,Q4,Good,0
EMP11438,42,Male,Research & Development,Research Scientist,Master's,Married,2,1.9,8.4,61600.0,1.0,3.3,2.4,3,3.6,No,No,1-3 Years,Q2,Average,0
EMP11439,53,Female,Marketing,Marketing Manager,Bachelor's,Divorced,3,3.6,4.3,81400.0,1.9,3.2,2.7,4,4.5,No,No,3-5 Years,Q3,Average,0
EMP11440,42,Male,Human Resources,HR Specialist,Bachelor's,Married,4,8.8,11.1,92700.0,2.5,3.1,3.7,4,22.5,No,No,5-10 Years,Q4,Good,0
EMP11441,42,Male,Sales,Sales Manager,Bachelor's,Married,3,6.4,9.0,73600.0,4.9,2.0,3.8,4,7.5,No,No,5-10 Years,Q3,Good,0
EMP11442,45,Male,Marketing,Marketing Analyst,High School,Single,5,6.5,3.6,109500.0,2.8,2.0,3.2,1,26.7,No,No,5-10 Years,Q4,Good,0
EMP11443,32,Male,Human Resources,Recruiter,Master's,Married,3,6.1,7.9,74400.0,3.3,3.6,2.6,3,5.5,Yes,Yes,5-10 Years,Q3,Average,1
EMP11444,40,Male,Marketing,Marketing Analyst,Master's,Divorced,1,4.0,6.4,38800.0,3.1,3.3,4.4,0,13.7,No,No,3-5 Years,Q1,Excellent,0
EMP11445,30,Female,Sales,Sales Manager,Master's,Married,3,7.0,7.4,88500.0,3.9,2.4,2.6,3,11.7,No,Yes,5-10 Years,Q4,Average,1
EMP11446,20,Male,IT,Software Engineer,Bachelor's,Married,1,1.0,4.4,59600.0,3.1,3.6,2.4,6,5.1,No,No,<1 Year,Q2,Average,0
EMP11447,25,Female,Human Resources,HR Specialist,Bachelor's,Married,2,2.1,5.7,52000.0,3.9,4.0,2.8,4,2.6,Yes,No,1-3 Years,Q1,Average,0
EMP11448,34,Female,Marketing,Marketing Analyst,High School,Married,3,6.7,11.3,83800.0,1.9,3.9,2.5,6,17.3,No,No,5-10 Years,Q3,Average,0
EMP11449,31,Female,Finance,Finance Manager,Bachelor's,Married,1,2.6,3.3,34900.0,3.2,2.0,3.8,1,10.6,Yes,No,1-3 Years,Q1,Good,0
EMP11450,36,Female,Marketing,Marketing Analyst,Master's,Married,3,5.5,8.1,82700.0,4.7,3.7,2.6,2,4.0,No,No,5-10 Years,Q3,Average,0
EMP11451,24,Male,Research & Development,R&D Manager,PhD,Single,3,6.1,9.0,88800.0,3.8,3.1,2.5,3,10.7,No,No,5-10 Years,Q4,Average,0
EMP11452,28,Male,IT,Systems Analyst,Bachelor's,Married,3,5.8,9.5,87200.0,2.2,3.6,3.8,2,4.2,No,No,5-10 Years,Q3,Good,0
EMP11453,38,Female,Sales,Sales Executive,Master's,Married,2,2.8,5.6,58200.0,2.8,3.3,3.7,4,6.1,No,Yes,1-3 Years,Q2,Good,1
EMP11454,38,Male,Research & Development,Laboratory Technician,Bachelor's,Single,2,3.5,8.9,59900.0,3.4,3.4,4.3,2,5.5,Yes,No,3-5 Years,Q2,Excellent,0
EMP11455,43,Male,Sales,Sales Representative,PhD,Married,3,7.5,10.7,90200.0,3.1,2.5,2.8,1,8.2,Yes,No,5-10 Years,Q4,Average,0
EMP11456,32,Male,IT,IT Support,Bachelor's,Married,5,15.7,19.1,134900.0,4.1,2.9,1.5,6,5.4,No,No,10+ Years,Q4,Low,0
EMP11457,28,Female,Human Resources,HR Manager,Bachelor's,Married,1,0.4,0.0,44700.0,3.4,2.9,3.5,3,1.0,No,No,<1 Year,Q1,Good,0
EMP11458,36,Female,IT,IT Manager,Master's,Married,1,3.4,4.3,39300.0,2.1,2.7,3.7,2,9.6,No,No,3-5 Years,Q1,Good,0
EMP11459,42,Male,Finance,Accountant,Master's,Married,2,2.8,7.1,70900.0,3.7,2.3,3.7,3,3.3,No,No,1-3 Years,Q3,Good,0
EMP11460,37,Male,Sales,Sales Executive,Bachelor's,Married,1,3.7,8.4,37800.0,3.4,3.5,4.2,4,15.4,No,Yes,3-5 Years,Q1,Excellent,1
EMP11461,27,Female,Finance,Financial Analyst,Bachelor's,Divorced,1,0.7,1.1,40200.0,2.8,2.4,4.1,0,22.1,No,Yes,<1 Year,Q1,Excellent,1
EMP11462,44,Female,Human Resources,Recruiter,Master's,Married,5,8.4,15.3,121400.0,4.1,3.2,3.9,4,17.0,No,No,5-10 Years,Q4,Good,0
EMP11463,34,Male,Research & Development,R&D Manager,Bachelor's,Single,4,7.2,9.7,105200.0,4.7,3.7,3.8,6,11.4,No,No,5-10 Years,Q4,Good,0
EMP11464,20,Female,Sales,Sales Manager,Master's,Married,3,3.2,4.6,68600.0,2.1,3.6,3.9,4,6.0,No,No,3-5 Years,Q2,Good,0
EMP11465,28,Male,Finance,Accountant,Bachelor's,Married,2,1.7,4.9,57400.0,4.7,3.1,4.1,3,1.0,No,No,1-3 Years,Q2,Excellent,0
EMP11466,34,Male,Finance,Finance Manager,Bachelor's,Married,5,12.8,17.2,123200.0,2.4,3.0,2.5,0,5.0,Yes,Yes,10+ Years,Q4,Average,1
EMP11467,38,Male,IT,Systems Analyst,High School,Married,2,3.9,7.4,70300.0,2.3,3.1,3.2,4,9.3,No,No,3-5 Years,Q3,Good,0
EMP11468,35,Male,IT,Systems Analyst,Master's,Single,5,7.2,11.7,117000.0,2.8,3.1,3.4,5,9.9,No,No,5-10 Years,Q4,Good,0
EMP11469,29,Male,Research & Development,Research Scientist,Bachelor's,Single,1,2.6,3.7,39900.0,3.3,2.6,4.5,5,17.2,No,No,1-3 Years,Q1,Excellent,0
EMP11470,28,Male,Human Resources,Recruiter,Bachelor's,Married,1,0.2,0.4,35200.0,3.6,2.2,2.9,5,8.9,No,No,<1 Year,Q1,Average,0
EMP11471,39,Male,Finance,Finance Manager,Master's,Married,5,15.3,20.2,123400.0,2.7,2.3,2.9,2,2.4,No,No,10+ Years,Q4,Average,0
EMP11472,35,Male,Human Resources,HR Specialist,Bachelor's,Married,1,3.2,4.1,37500.0,1.7,2.4,2.3,4,7.0,Yes,Yes,3-5 Years,Q1,Average,1
EMP11473,22,Male,Sales,Sales Representative,Bachelor's,Single,1,2.6,3.0,38900.0,2.0,2.1,2.5,3,16.5,No,No,1-3 Years,Q1,Average,0
EMP11474,36,Male,Sales,Sales Manager,Master's,Married,3,7.5,7.5,82600.0,2.7,2.1,3.1,3,7.1,Yes,No,5-10 Years,Q3,Good,0
EMP11475,30,Female,Sales,Sales Executive,PhD,Single,3,9.4,11.5,80800.0,2.7,2.9,4.0,2,26.5,No,No,5-10 Years,Q3,Good,0
EMP11476,21,Male,Sales,Sales Executive,Master's,Married,2,5.5,9.1,66300.0,2.5,3.5,3.4,1,2.2,No,No,5-10 Years,Q2,Good,0
EMP11477,25,Male,Marketing,Marketing Manager,PhD,Married,3,3.1,5.3,70500.0,2.8,3.3,1.6,4,1.4,No,No,3-5 Years,Q3,Low,0
EMP11478,20,Female,IT,IT Support,Bachelor's,Single,2,2.6,7.5,64200.0,3.8,3.2,3.6,2,6.2,No,No,1-3 Years,Q2,Good,0
EMP11479,48,Male,Research & Development,R&D Manager,Master's,Married,3,2.5,5.1,78800.0,4.4,4.0,3.0,5,5.6,No,No,1-3 Years,Q3,Average,0
EMP11480,36,Female,Sales,Sales Manager,Bachelor's,Married,2,3.7,2.7,67700.0,2.6,2.8,3.0,4,2.8,Yes,No,3-5 Years,Q2,Average,0
EMP11481,44,Female,Human Resources,HR Manager,Bachelor's,Divorced,3,4.1,9.2,77800.0,4.3,4.2,2.7,5,3.6,No,No,3-5 Years,Q3,Average,0
EMP11482,24,Male,Human Resources,HR Manager,Bachelor's,Married,2,2.7,7.3,52700.0,3.0,3.2,3.8,3,6.9,No,No,1-3 Years,Q1,Good,0
EMP11483,37,Male,Marketing,Marketing Analyst,Master's,Married,2,3.9,9.2,78300.0,4.8,2.9,4.0,3,8.9,No,No,3-5 Years,Q3,Good,0
EMP11484,20,Male,Research & Development,R&D Manager,PhD,Married,5,10.2,12.4,128200.0,2.1,2.2,3.6,3,4.5,Yes,No,10+ Years,Q4,Good,0
EMP11485,34,Male,Human Resources,HR Specialist,Master's,Divorced,1,1.1,4.3,35000.0,1.9,2.9,2.6,2,5.5,No,Yes,1-3 Years,Q1,Average,1
EMP11486,38,Female,IT,IT Support,Bachelor's,Married,3,2.8,1.8,74100.0,4.9,2.6,3.7,3,10.8,No,No,1-3 Years,Q3,Good,0
EMP11487,33,Female,Marketing,Marketing Specialist,Bachelor's,Married,4,7.1,11.8,98500.0,2.2,2.2,3.6,2,9.4,No,No,5-10 Years,Q4,Good,0
EMP11488,34,Male,Human Resources,Recruiter,Bachelor's,Married,3,4.9,8.2,79200.0,4.3,2.2,2.4,4,16.9,No,No,3-5 Years,Q3,Average,0
EMP11489,34,Male,Human Resources,HR Specialist,High School,Married,2,2.9,4.1,49700.0,4.0,4.2,3.0,5,2.2,No,Yes,1-3 Years,Q1,Average,1
EMP11490,22,Female,Marketing,Marketing Analyst,PhD,Married,3,4.7,5.1,69100.0,4.6,3.7,3.8,1,2.7,Yes,No,3-5 Years,Q2,Good,0
EMP11491,44,Male,IT,IT Support,PhD,Single,2,2.8,4.6,56900.0,1.0,1.8,3.0,3,5.4,No,No,1-3 Years,Q2,Average,0
EMP11492,43,Female,Research & Development,R&D Manager,Bachelor's,Single,3,4.9,6.7,78600.0,2.9,2.9,3.9,4,12.9,Yes,No,3-5 Years,Q3,Good,0
EMP11493,33,Male,Research & Development,Laboratory Technician,Bachelor's,Married,3,3.8,3.6,76400.0,1.9,2.2,3.8,6,2.9,No,No,3-5 Years,Q3,Good,0
EMP11494,39,Female,Finance,Finance Manager,Bachelor's,Married,2,5.8,10.6,73000.0,1.7,2.2,4.1,5,3.7,No,No,5-10 Years,Q3,Excellent,0
EMP11495,44,Male,Marketing,Marketing Analyst,Master's,Divorced,3,4.4,8.9,89000.0,2.4,1.0,3.6,4,2.4,Yes,Yes,3-5 Years,Q4,Good,1
EMP11496,37,Male,Sales,Sales Executive,Bachelor's,Single,2,1.7,7.2,57700.0,3.1,4.2,3.7,3,26.2,No,No,1-3 Years,Q2,Good,0
EMP11497,30,Female,Finance,Financial Analyst,Bachelor's,Single,4,6.9,7.6,94000.0,2.5,2.2,3.4,3,13.9,No,No,5-10 Years,Q4,Good,0
EMP11498,31,Male,Finance,Financial Analyst,PhD,Single,2,2.2,4.3,66600.0,3.7,4.2,1.6,4,1.8,No,No,1-3 Years,Q2,Low,0
EMP11499,23,Female,Research & Development,Laboratory Technician,Master's,Married,2,1.3,2.2,59400.0,3.7,5.0,2.8,4,1.3,No,Yes,1-3 Years,Q2,Average,1
EMP11500,34,Male,Research & Development,Laboratory Technician,Master's,Married,1,2.1,3.8,43900.0,2.7,2.8,3.2,2,13.5,No,No,1-3 Years,Q1,Good,0
EMP11501,46,Male,IT,Software Engineer,Bachelor's,Married,4,8.2,10.7,106900.0,3.7,3.4,2.8,4,6.2,No,No,5-10 Years,Q4,Average,0
EMP11502,26,Female,Research & Development,R&D Manager,PhD,Married,3,2.3,4.9,83300.0,2.0,3.2,3.7,5,5.5,Yes,Yes,1-3 Years,Q3,Good,1
EMP11503,28,Male,Human Resources,Recruiter,Bachelor's,Married,3,8.2,10.6,89300.0,3.4,2.3,3.2,8,2.8,No,No,5-10 Years,Q4,Good,0
EMP11504,36,Female,Sales,Sales Representative,High School,Married,1,3.5,6.4,51000.0,3.2,2.8,3.0,4,10.8,No,Yes,3-5 Years,Q1,Average,1
EMP11505,28,Female,Marketing,Marketing Manager,Master's,Single,5,9.3,15.7,118000.0,4.0,1.9,3.3,6,17.5,Yes,No,5-10 Years,Q4,Good,0
EMP11506,25,Male,Human Resources,Recruiter,Bachelor's,Married,1,1.9,3.5,34500.0,4.0,2.5,2.8,1,9.5,No,No,1-3 Years,Q1,Average,0
EMP11507,46,Female,Sales,Sales Representative,Bachelor's,Married,1,2.5,2.6,44800.0,3.4,2.9,3.4,2,3.5,No,Yes,1-3 Years,Q1,Good,1
EMP11508,33,Female,Sales,Sales Manager,Master's,Married,2,0.4,3.1,68800.0,2.7,2.3,2.2,8,1.8,No,No,<1 Year,Q2,Average,0
EMP11509,31,Female,Finance,Accountant,Bachelor's,Married,2,6.2,8.8,74000.0,3.9,1.7,1.1,3,12.6,No,Yes,5-10 Years,Q3,Low,1
EMP11510,38,Female,Sales,Sales Executive,Master's,Single,4,9.0,7.3,101700.0,3.0,4.1,2.2,3,12.5,No,No,5-10 Years,Q4,Average,0
EMP11511,46,Female,Finance,Accountant,Bachelor's,Single,3,6.4,12.4,79800.0,3.2,1.3,4.1,3,6.6,Yes,Yes,5-10 Years,Q3,Excellent,1
EMP11512,38,Male,Finance,Accountant,High School,Married,2,3.8,7.9,70300.0,3.4,1.7,2.2,1,11.8,No,No,3-5 Years,Q3,Average,0
EMP11513,31,Female,Sales,Sales Manager,Bachelor's,Divorced,5,8.2,10.1,113800.0,3.9,2.9,2.9,7,3.7,No,No,5-10 Years,Q4,Average,0
EMP11514,39,Male,IT,IT Support,Bachelor's,Married,1,3.0,9.7,46900.0,3.0,2.3,3.5,5,13.3,No,Yes,1-3 Years,Q1,Good,1
EMP11515,42,Male,Sales,Sales Representative,Master's,Single,2,3.2,5.8,64500.0,2.8,3.1,1.6,4,1.5,Yes,No,3-5 Years,Q2,Low,0
EMP11516,39,Male,Finance,Finance Manager,Master's,Married,3,4.8,7.8,76700.0,3.6,2.9,3.1,5,12.4,No,No,3-5 Years,Q3,Good,0
EMP11517,29,Male,Human Resources,Recruiter,Bachelor's,Married,1,5.0,7.7,43400.0,2.9,3.2,4.6,2,7.7,No,No,3-5 Years,Q1,Excellent,0
EMP11518,38,Male,IT,Software Engineer,Bachelor's,Single,2,6.3,10.9,66100.0,3.5,3.8,2.5,2,6.4,No,No,5-10 Years,Q2,Average,0
EMP11519,38,Male,Marketing,Marketing Manager,Bachelor's,Married,3,4.9,10.4,78400.0,4.1,3.3,4.6,1,3.5,Yes,No,3-5 Years,Q3,Excellent,0
EMP11520,43,Female,Research & Development,Research Scientist,Bachelor's,Married,3,7.3,9.2,69100.0,4.4,3.9,3.0,4,6.8,No,No,5-10 Years,Q4,Average,0
EMP11521,28,Male,Finance,Finance Manager,Bachelor's,Married,1,2.3,0.0,58200.0,2.8,1.2,3.3,4,2.1,Yes,No,1-3 Years,Q2,Good,0
EMP11522,34,Male,Human Resources,HR Manager,Master's,Single,3,4.9,11.6,73300.0,3.9,3.1,3.2,2,12.9,No,No,3-5 Years,Q3,Good,0
EMP11523,38,Female,Marketing,Marketing Manager,Master's,Divorced,4,7.0,13.0,95600.0,1.8,2.9,3.1,4,9.1,No,No,5-10 Years,Q4,Good,0
EMP11524,36,Male,IT,Systems Analyst,Bachelor's,Married,2,3.0,3.6,67900.0,2.9,3.3,3.5,2,3.8,No,No,1-3 Years,Q2,Good,0
EMP11525,39,Male,Sales,Sales Executive,Bachelor's,Single,3,6.0,9.7,76600.0,2.9,3.3,3.1,4,9.1,Yes,No,5-10 Years,Q3,Good,0
EMP11526,27,Female,Research & Development,R&D Manager,Master's,Single,3,4.4,5.3,73100.0,2.9,3.2,4.1,4,17.8,No,No,3-5 Years,Q3,Excellent,0
EMP11527,47,Female,Sales,Sales Representative,Master's,Married,2,1.4,2.1,52700.0,2.9,3.3,3.1,3,4.7,No,No,1-3 Years,Q1,Good,0
EMP11528,49,Female,IT,Systems Analyst,Bachelor's,Married,1,4.0,4.1,46500.0,3.7,2.9,2.6,3,18.7,Yes,No,3-5 Years,Q1,Average,0
EMP11529,40,Female,Sales,Sales Representative,Master's,Married,1,1.6,0.0,47900.0,1.4,2.4,3.2,3,6.1,No,No,1-3 Years,Q1,Good,0
EMP11530,44,Male,Sales,Sales Representative,Master's,Single,2,3.6,2.9,62200.0,4.7,2.2,3.6,4,1.2,No,No,3-5 Years,Q2,Good,0
EMP11531,30,Male,Human Resources,HR Specialist,Master's,Married,2,3.1,1.4,69100.0,4.0,2.7,3.6,4,11.4,No,No,3-5 Years,Q2,Good,0
EMP11532,46,Male,Marketing,Marketing Analyst,Master's,Married,2,1.7,4.8,58000.0,1.4,3.4,3.1,4,3.3,No,No,1-3 Years,Q2,Good,0
EMP11533,32,Male,Finance,Financial Analyst,Master's,Divorced,4,9.2,10.3,99800.0,4.3,3.5,1.3,4,1.7,No,No,5-10 Years,Q4,Low,0
EMP11534,39,Male,Sales,Sales Manager,Master's,Married,2,0.5,5.6,50700.0,2.7,4.4,3.4,3,18.1,No,No,<1 Year,Q1,Good,0
EMP11535,29,Male,Research & Development,Laboratory Technician,Master's,Single,2,1.9,3.1,59300.0,2.7,3.9,2.9,1,2.5,No,No,1-3 Years,Q2,Average,0
EMP11536,33,Male,Sales,Sales Manager,High School,Single,2,2.9,5.7,59400.0,3.9,4.3,4.3,2,4.2,No,No,1-3 Years,Q2,Excellent,0
EMP11537,37,Male,IT,Software Engineer,Master's,Married,2,3.0,2.2,75200.0,3.6,1.5,3.5,8,3.4,No,No,1-3 Years,Q3,Good,0
EMP11538,37,Male,Research & Development,Research Scientist,Bachelor's,Married,4,6.1,9.5,102000.0,4.7,2.0,3.2,1,5.0,No,No,5-10 Years,Q4,Good,0
EMP11539,35,Female,Finance,Finance Manager,Master's,Married,2,1.7,4.2,55700.0,3.3,2.8,4.5,5,7.0,No,No,1-3 Years,Q2,Excellent,0
EMP11540,39,Male,Sales,Sales Manager,Bachelor's,Single,2,1.8,6.7,54700.0,4.0,3.8,2.8,1,6.4,No,No,1-3 Years,Q1,Average,0
EMP11541,48,Male,Research & Development,R&D Manager,Master's,Married,1,1.5,2.0,48900.0,3.8,3.7,3.3,4,2.5,Yes,Yes,1-3 Years,Q1,Good,1
EMP11542,44,Female,Human Resources,HR Specialist,Bachelor's,Married,3,1.5,4.2,69500.0,2.4,2.1,3.2,2,8.0,Yes,No,1-3 Years,Q3,Good,0
EMP11543,40,Female,Human Resources,HR Specialist,Master's,Single,2,2.8,8.4,52800.0,4.3,3.8,2.4,3,8.4,Yes,No,1-3 Years,Q1,Average,0
EMP11544,42,Male,IT,IT Manager,Master's,Married,2,3.2,8.6,67200.0,3.6,3.6,3.2,7,7.6,No,No,3-5 Years,Q2,Good,0
EMP11545,39,Male,IT,IT Manager,Master's,Married,1,1.0,5.5,41000.0,2.7,2.6,3.0,5,25.5,No,No,<1 Year,Q1,Average,0
EMP11546,38,Male,IT,IT Support,Master's,Single,2,1.7,6.8,65800.0,2.0,2.8,3.5,0,11.8,Yes,No,1-3 Years,Q2,Good,0
EMP11547,35,Male,IT,Systems Analyst,Master's,Married,2,5.0,6.6,61500.0,3.6,3.3,3.8,4,13.6,No,No,3-5 Years,Q2,Good,0
EMP11548,33,Female,Finance,Financial Analyst,PhD,Single,5,7.8,9.6,116400.0,4.1,4.9,3.9,2,3.6,No,No,5-10 Years,Q4,Good,0
EMP11549,41,Male,IT,Systems Analyst,PhD,Married,3,1.1,4.7,75500.0,3.6,2.8,2.9,5,2.2,Yes,Yes,1-3 Years,Q3,Average,1
EMP11550,37,Female,Sales,Sales Manager,Master's,Single,2,2.9,4.8,66000.0,3.6,2.3,2.3,2,3.2,No,No,1-3 Years,Q2,Average,0
EMP11551,47,Male,Human Resources,HR Manager,Bachelor's,Married,4,8.8,13.0,91800.0,2.5,4.6,1.4,2,5.6,No,No,5-10 Years,Q4,Low,0
EMP11552,35,Male,IT,IT Manager,PhD,Divorced,5,8.6,14.4,116700.0,3.1,1.3,2.9,4,7.6,No,No,5-10 Years,Q4,Average,0
EMP11553,37,Female,Research & Development,Laboratory Technician,Master's,Married,4,9.9,13.0,113800.0,3.9,2.2,3.4,3,15.5,No,No,5-10 Years,Q4,Good,0
EMP11554,53,Female,Sales,Sales Executive,Bachelor's,Married,1,2.0,1.6,53000.0,2.7,2.0,2.9,4,26.8,No,No,1-3 Years,Q1,Average,0
EMP11555,29,Female,Research & Development,Research Scientist,Bachelor's,Married,3,8.0,12.3,83400.0,3.7,3.5,1.5,5,6.9,No,No,5-10 Years,Q3,Low,0
EMP11556,28,Female,Finance,Accountant,Bachelor's,Married,3,5.5,5.3,87800.0,1.7,2.2,4.0,2,5.5,No,No,5-10 Years,Q4,Good,0
EMP11557,21,Female,Sales,Sales Executive,Bachelor's,Divorced,2,3.7,6.9,60100.0,3.3,3.4,4.1,4,11.3,Yes,No,3-5 Years,Q2,Excellent,0
EMP11558,40,Male,Sales,Sales Executive,Master's,Married,3,5.2,6.3,81600.0,2.6,1.4,3.6,0,9.3,No,No,5-10 Years,Q3,Good,0
EMP11559,26,Female,Human Resources,Recruiter,Bachelor's,Single,1,1.4,3.4,42100.0,1.5,3.2,3.0,2,3.2,No,No,1-3 Years,Q1,Average,0
EMP11560,28,Male,IT,Software Engineer,Master's,Single,3,6.9,11.7,94300.0,3.2,4.5,3.5,3,17.0,No,No,5-10 Years,Q4,Good,0
EMP11561,31,Female,Human Resources,HR Specialist,Bachelor's,Single,1,2.4,4.5,43600.0,1.4,3.7,3.5,2,10.1,No,No,1-3 Years,Q1,Good,0
EMP11562,38,Male,Finance,Accountant,Master's,Single,3,8.1,11.8,74300.0,3.5,3.7,4.1,3,3.7,No,No,5-10 Years,Q3,Excellent,0
EMP11563,29,Female,Human Resources,HR Manager,High School,Married,2,0.8,6.8,50700.0,1.2,2.8,3.3,6,7.0,Yes,No,<1 Year,Q1,Good,0
EMP11564,45,Female,IT,Systems Analyst,Master's,Single,1,1.9,7.2,35200.0,3.7,2.7,2.3,4,19.8,Yes,Yes,1-3 Years,Q1,Average,1
EMP11565,50,Male,Research & Development,R&D Manager,Bachelor's,Married,2,1.0,1.2,54700.0,2.3,4.2,3.7,3,6.4,No,Yes,<1 Year,Q1,Good,1
EMP11566,32,Female,Research & Development,Research Scientist,Master's,Single,2,2.4,1.6,66900.0,4.2,2.9,3.0,1,10.3,No,No,1-3 Years,Q2,Average,0
EMP11567,22,Male,Research & Development,Laboratory Technician,Master's,Single,1,2.0,4.4,60200.0,2.4,4.8,2.0,3,27.0,No,No,1-3 Years,Q2,Low,0
EMP11568,44,Male,Sales,Sales Executive,High School,Single,2,2.6,8.3,69500.0,4.0,2.0,2.5,4,6.5,No,No,1-3 Years,Q3,Average,0
EMP11569,43,Female,Research & Development,Laboratory Technician,Master's,Divorced,2,1.2,6.1,47300.0,2.6,4.1,3.7,5,9.5,No,No,1-3 Years,Q1,Good,0
EMP11570,31,Female,Marketing,Marketing Analyst,Bachelor's,Divorced,2,5.0,3.2,70400.0,4.0,2.9,2.1,4,2.4,Yes,No,3-5 Years,Q3,Average,0
EMP11571,46,Male,Research & Development,Research Scientist,Master's,Single,2,3.8,3.8,72600.0,3.9,2.7,2.9,1,7.2,Yes,No,3-5 Years,Q3,Average,0
EMP11572,31,Male,IT,IT Manager,PhD,Single,4,8.2,12.4,99200.0,2.6,5.0,3.0,3,24.1,Yes,No,5-10 Years,Q4,Average,0
EMP11573,54,Male,Research & Development,Research Scientist,Bachelor's,Married,4,7.9,9.2,98000.0,4.4,4.8,2.9,3,10.6,No,No,5-10 Years,Q4,Average,0
EMP11574,51,Male,Finance,Finance Manager,High School,Married,4,6.8,11.6,99300.0,4.0,2.7,3.3,2,5.0,No,No,5-10 Years,Q4,Good,0
EMP11575,22,Male,Research & Development,Research Scientist,Bachelor's,Single,3,5.7,6.5,80500.0,3.7,3.5,3.2,4,11.9,No,No,5-10 Years,Q3,Good,0
EMP11576,45,Female,Sales,Sales Manager,High School,Single,1,1.4,1.3,47800.0,1.6,3.0,4.0,3,10.2,No,Yes,1-3 Years,Q1,Good,1
EMP11577,20,Female,Finance,Financial Analyst,Bachelor's,Single,2,2.4,3.8,63800.0,2.8,3.0,3.0,2,16.7,No,No,1-3 Years,Q2,Average,0
EMP11578,20,Male,Sales,Sales Executive,Master's,Married,2,5.0,4.6,63200.0,4.3,3.7,3.0,3,2.0,No,No,3-5 Years,Q2,Average,0
EMP11579,42,Male,Marketing,Marketing Specialist,Bachelor's,Divorced,1,0.5,4.4,46300.0,3.0,3.4,3.8,2,3.0,No,Yes,<1 Year,Q1,Good,1
EMP11580,36,Female,Human Resources,HR Specialist,Master's,Single,2,1.0,0.0,54600.0,4.1,2.5,3.3,0,8.9,No,No,<1 Year,Q1,Good,0
EMP11581,38,Female,IT,Systems Analyst,Bachelor's,Married,2,3.8,2.1,68400.0,4.4,2.6,4.0,4,3.2,No,No,3-5 Years,Q2,Good,0
EMP11582,35,Male,IT,Systems Analyst,Bachelor's,Single,1,2.1,4.2,40600.0,2.8,4.0,5.0,4,4.9,No,No,1-3 Years,Q1,Excellent,0
EMP11583,29,Female,Research & Development,Research Scientist,High School,Single,2,3.6,6.4,54500.0,4.0,2.7,3.8,6,7.4,No,No,3-5 Years,Q1,Good,0
EMP11584,26,Female,IT,Software Engineer,Master's,Married,2,3.7,1.0,59500.0,1.9,4.1,1.9,5,2.4,No,No,3-5 Years,Q2,Low,0
EMP11585,37,Male,Finance,Financial Analyst,Master's,Divorced,3,6.1,10.7,73700.0,2.9,1.4,3.7,3,13.8,Yes,No,5-10 Years,Q3,Good,0
EMP11586,36,Male,Research & Development,Research Scientist,Master's,Single,2,4.2,3.6,57400.0,4.8,2.1,2.8,1,1.0,No,No,3-5 Years,Q2,Average,0
EMP11587,43,Female,Sales,Sales Manager,Bachelor's,Divorced,3,5.6,6.8,85100.0,2.7,3.3,3.1,1,6.8,No,No,5-10 Years,Q3,Good,0
EMP11588,33,Female,Research & Development,R&D Manager,Bachelor's,Married,2,1.7,3.4,64300.0,3.2,3.5,1.8,3,5.8,No,No,1-3 Years,Q2,Low,0
EMP11589,35,Female,Human Resources,HR Specialist,Master's,Single,3,3.7,9.9,86500.0,2.4,2.4,3.9,3,3.8,No,No,3-5 Years,Q3,Good,0
EMP11590,28,Male,Marketing,Marketing Specialist,Master's,Divorced,1,0.9,4.8,27500.0,3.3,3.3,3.3,6,10.1,No,No,<1 Year,Q1,Good,0
EMP11591,21,Male,Sales,Sales Manager,Bachelor's,Divorced,3,6.4,9.0,78000.0,3.1,4.6,3.5,3,40.0,No,No,5-10 Years,Q3,Good,0
EMP11592,30,Male,Sales,Sales Manager,High School,Single,1,2.4,4.8,38200.0,4.0,4.3,3.0,2,7.3,No,No,1-3 Years,Q1,Average,0
EMP11593,38,Female,Finance,Financial Analyst,Bachelor's,Single,4,7.0,10.1,98700.0,3.2,2.9,2.8,2,15.1,Yes,No,5-10 Years,Q4,Average,0
EMP11594,33,Male,Human Resources,Recruiter,Master's,Single,3,4.7,10.2,74800.0,1.6,3.3,4.2,3,8.4,No,No,3-5 Years,Q3,Excellent,0
EMP11595,37,Female,Research & Development,Research Scientist,Master's,Married,3,1.3,1.0,76100.0,3.5,3.1,1.4,1,13.9,Yes,No,1-3 Years,Q3,Low,0
EMP11596,38,Male,Marketing,Marketing Manager,Master's,Married,4,6.8,8.6,96200.0,1.0,3.2,4.4,1,23.2,No,No,5-10 Years,Q4,Excellent,0
EMP11597,36,Male,IT,Software Engineer,Bachelor's,Married,2,0.5,5.5,53900.0,3.4,2.8,3.8,2,14.2,Yes,No,<1 Year,Q1,Good,0
EMP11598,42,Female,Marketing,Marketing Specialist,Bachelor's,Divorced,2,1.4,1.1,63700.0,3.2,3.3,3.9,3,22.3,No,No,1-3 Years,Q2,Good,0
EMP11599,32,Female,Marketing,Marketing Analyst,Master's,Single,2,2.1,7.5,62200.0,3.5,1.0,4.9,2,8.7,No,Yes,1-3 Years,Q2,Excellent,1
EMP11600,40,Female,Sales,Sales Executive,High School,Married,2,4.7,5.0,64600.0,3.1,4.9,3.2,1,7.0,No,No,3-5 Years,Q2,Good,0
EMP11601,37,Female,Marketing,Marketing Manager,Bachelor's,Single,2,3.7,3.7,59000.0,4.8,4.7,3.3,0,7.2,Yes,No,3-5 Years,Q2,Good,0
EMP11602,45,Female,Sales,Sales Manager,Master's,Married,1,3.3,5.3,41500.0,3.4,2.9,3.2,2,6.0,No,No,3-5 Years,Q1,Good,0
EMP11603,36,Male,Human Resources,HR Specialist,Master's,Married,4,6.7,11.4,96800.0,3.4,3.3,3.7,4,1.0,No,Yes,5-10 Years,Q4,Good,1
EMP11604,24,Female,Sales,Sales Executive,PhD,Married,2,1.7,4.4,53600.0,4.0,3.3,4.0,4,2.6,No,Yes,1-3 Years,Q1,Good,1
EMP11605,34,Female,Sales,Sales Representative,Bachelor's,Divorced,3,2.2,4.2,67300.0,3.8,4.1,3.9,2,25.2,No,No,1-3 Years,Q2,Good,0
EMP11606,43,Female,Sales,Sales Executive,PhD,Married,2,0.5,3.2,58500.0,2.8,2.5,3.0,2,4.2,Yes,No,<1 Year,Q2,Average,0
EMP11607,50,Male,IT,Systems Analyst,Master's,Married,2,6.4,8.3,74600.0,4.3,3.5,2.9,4,1.8,No,No,5-10 Years,Q3,Average,0
EMP11608,30,Male,IT,Systems Analyst,Bachelor's,Married,2,2.7,6.2,52200.0,1.0,1.0,3.0,4,18.5,No,Yes,1-3 Years,Q1,Average,1
EMP11609,45,Male,Sales,Sales Manager,Bachelor's,Married,2,1.6,3.0,59000.0,2.0,4.1,3.3,1,10.6,No,No,1-3 Years,Q2,Good,0
EMP11610,50,Female,Marketing,Marketing Manager,Bachelor's,Single,2,2.0,5.7,60100.0,2.6,2.3,4.0,1,8.1,No,No,1-3 Years,Q2,Good,0
EMP11611,46,Male,IT,IT Support,Bachelor's,Single,4,9.0,12.0,69100.0,3.3,4.8,2.1,2,8.4,No,No,5-10 Years,Q4,Average,0
EMP11612,39,Female,Sales,Sales Executive,Bachelor's,Divorced,1,2.8,3.3,50700.0,3.8,2.5,1.9,3,4.5,Yes,Yes,1-3 Years,Q1,Low,1
EMP11613,39,Male,Sales,Sales Representative,Master's,Single,3,6.2,7.2,81700.0,3.6,4.0,3.7,4,5.4,No,No,5-10 Years,Q3,Good,0
EMP11614,31,Male,Research & Development,Research Scientist,High School,Single,2,8.8,11.6,74700.0,1.9,3.3,2.9,1,23.4,No,No,5-10 Years,Q3,Average,0
EMP11615,26,Male,Research & Development,R&D Manager,Bachelor's,Married,3,3.5,2.4,79400.0,1.2,3.0,3.1,5,18.8,Yes,No,3-5 Years,Q3,Good,0
EMP11616,32,Female,Research & Development,Laboratory Technician,Master's,Divorced,5,9.0,12.3,129500.0,4.5,4.2,3.8,3,7.6,No,No,5-10 Years,Q4,Good,0
EMP11617,25,Male,Marketing,Marketing Analyst,High School,Married,3,5.7,7.7,87400.0,4.3,3.6,2.1,2,10.3,Yes,No,5-10 Years,Q3,Average,0
EMP11618,34,Female,IT,IT Support,High School,Married,2,2.0,1.3,54900.0,3.9,4.1,3.9,1,7.9,No,No,1-3 Years,Q2,Good,0
EMP11619,41,Female,Human Resources,Recruiter,Master's,Single,3,3.7,5.1,72800.0,2.1,2.4,1.6,1,11.6,No,No,3-5 Years,Q3,Low,0
EMP11620,44,Male,Research & Development,Research Scientist,Master's,Married,5,9.3,10.0,115000.0,3.6,3.6,3.4,1,10.9,Yes,No,5-10 Years,Q4,Good,0
EMP11621,26,Male,Research & Development,Laboratory Technician,Bachelor's,Married,4,7.9,13.5,103300.0,3.7,2.7,3.0,3,10.7,Yes,No,5-10 Years,Q4,Average,0
EMP11622,24,Male,IT,IT Support,Bachelor's,Married,2,2.6,6.0,61500.0,1.8,2.9,3.4,3,4.0,Yes,Yes,1-3 Years,Q2,Good,1
EMP11623,46,Male,Research & Development,Research Scientist,Bachelor's,Married,4,5.5,12.4,88100.0,3.2,3.1,2.8,3,1.0,No,No,5-10 Years,Q4,Average,0
EMP11624,32,Male,Research & Development,Laboratory Technician,Bachelor's,Married,2,1.4,3.2,58500.0,2.6,3.0,2.3,5,6.8,No,No,1-3 Years,Q2,Average,0
EMP11625,34,Male,Research & Development,Laboratory Technician,Bachelor's,Single,3,4.5,8.9,80900.0,4.9,3.1,3.9,0,3.7,No,No,3-5 Years,Q3,Good,0
EMP11626,48,Female,Finance,Finance Manager,Bachelor's,Single,3,4.0,4.8,84900.0,2.1,3.1,2.9,4,10.3,Yes,No,3-5 Years,Q3,Average,0
EMP11627,40,Male,IT,IT Manager,Master's,Married,5,16.8,17.2,124600.0,3.5,2.6,3.5,3,6.2,Yes,No,10+ Years,Q4,Good,0
EMP11628,27,Male,Research & Development,R&D Manager,Bachelor's,Single,5,7.7,9.7,122800.0,3.9,2.3,3.6,7,11.6,Yes,No,5-10 Years,Q4,Good,0
EMP11629,51,Male,Research & Development,Research Scientist,Bachelor's,Married,1,1.0,3.8,47600.0,3.6,4.0,3.4,6,9.0,No,No,<1 Year,Q1,Good,0
EMP11630,39,Male,Sales,Sales Executive,Bachelor's,Married,2,1.9,4.5,63600.0,2.7,1.2,2.8,5,5.5,No,No,1-3 Years,Q2,Average,0
EMP11631,30,Male,Research & Development,Laboratory Technician,Master's,Single,2,2.7,4.8,61500.0,1.6,1.9,3.6,3,1.5,Yes,No,1-3 Years,Q2,Good,0
EMP11632,44,Female,Research & Development,Laboratory Technician,Master's,Single,1,1.9,6.4,37600.0,5.0,2.9,4.3,3,9.5,No,No,1-3 Years,Q1,Excellent,0
EMP11633,34,Male,Human Resources,Recruiter,High School,Married,1,2.1,5.8,54200.0,3.2,3.1,3.3,1,23.2,Yes,No,1-3 Years,Q1,Good,0
EMP11634,38,Male,Sales,Sales Executive,Master's,Single,2,4.6,7.2,67300.0,2.9,4.5,4.2,0,9.3,No,No,3-5 Years,Q2,Excellent,0
EMP11635,38,Male,Marketing,Marketing Manager,Bachelor's,Single,1,1.8,4.8,47100.0,4.7,3.4,3.6,3,2.3,Yes,No,1-3 Years,Q1,Good,0
EMP11636,43,Female,IT,IT Manager,Master's,Married,3,4.5,2.7,78700.0,2.5,3.0,1.6,4,13.6,No,No,3-5 Years,Q3,Low,0
EMP11637,40,Male,Research & Development,R&D Manager,Master's,Divorced,3,2.8,7.8,83000.0,3.4,2.7,3.3,2,2.8,Yes,No,1-3 Years,Q3,Good,0
EMP11638,29,Female,Human Resources,HR Manager,Bachelor's,Married,3,4.9,8.5,89300.0,3.2,1.0,3.9,4,14.3,No,No,3-5 Years,Q4,Good,0
EMP11639,47,Male,Finance,Finance Manager,Bachelor's,Single,2,1.8,6.5,55600.0,4.0,2.7,3.3,1,7.6,No,No,1-3 Years,Q2,Good,0
EMP11640,33,Male,Sales,Sales Executive,Master's,Single,3,5.3,11.5,79400.0,2.2,2.8,2.3,3,13.6,No,No,5-10 Years,Q3,Average,0
EMP11641,35,Male,Sales,Sales Executive,Bachelor's,Divorced,3,4.6,8.6,85400.0,4.7,3.0,3.7,5,8.1,No,No,3-5 Years,Q3,Good,0
EMP11642,31,Female,Sales,Sales Executive,Master's,Married,2,3.1,4.7,59400.0,2.1,3.9,4.1,1,6.3,No,Yes,3-5 Years,Q2,Excellent,1
EMP11643,39,Male,Sales,Sales Representative,PhD,Divorced,5,13.4,18.2,122000.0,3.1,1.8,3.1,3,23.8,No,No,10+ Years,Q4,Good,0
EMP11644,34,Male,Sales,Sales Manager,Bachelor's,Married,2,3.2,4.4,62200.0,2.1,3.2,2.6,1,3.5,No,No,3-5 Years,Q2,Average,0
EMP11645,30,Male,Research & Development,Laboratory Technician,Bachelor's,Married,2,1.1,4.0,60400.0,3.7,4.0,3.3,6,16.4,No,No,1-3 Years,Q2,Good,0
EMP11646,39,Male,IT,Systems Analyst,Master's,Single,1,1.3,2.3,40800.0,3.0,3.6,2.8,3,3.6,No,No,1-3 Years,Q1,Average,0
EMP11647,23,Male,Marketing,Marketing Specialist,Master's,Married,5,4.3,6.0,106900.0,3.4,3.5,2.1,3,11.4,No,No,3-5 Years,Q4,Average,0
EMP11648,34,Male,IT,IT Manager,Bachelor's,Married,2,2.3,2.8,62900.0,3.9,1.3,3.1,1,1.0,Yes,No,1-3 Years,Q2,Good,0
EMP11649,27,Male,Marketing,Marketing Specialist,Bachelor's,Single,2,3.5,10.0,62300.0,4.4,2.6,2.6,4,5.2,Yes,No,3-5 Years,Q2,Average,0
EMP11650,20,Male,Sales,Sales Representative,Bachelor's,Single,2,5.6,7.3,83400.0,3.3,2.7,1.9,4,16.1,No,No,5-10 Years,Q3,Low,0
EMP11651,31,Female,Finance,Financial Analyst,Master's,Divorced,4,5.8,6.1,94400.0,4.4,1.6,2.7,3,1.7,No,No,5-10 Years,Q4,Average,0
EMP11652,51,Male,Sales,Sales Executive,Bachelor's,Single,3,7.9,11.9,87100.0,2.1,1.9,4.0,2,12.8,No,No,5-10 Years,Q3,Good,0
EMP11653,49,Female,Sales,Sales Representative,Master's,Married,1,1.8,5.6,52600.0,3.8,4.1,2.6,2,6.5,Yes,No,1-3 Years,Q1,Average,0
EMP11654,37,Female,Research & Development,R&D Manager,Bachelor's,Single,2,1.6,6.4,52700.0,4.7,4.0,3.7,2,1.9,No,No,1-3 Years,Q1,Good,0
EMP11655,21,Female,IT,Software Engineer,Master's,Single,3,10.0,13.6,94500.0,2.4,4.4,2.9,2,16.0,No,No,5-10 Years,Q4,Average,0
EMP11656,22,Male,Research & Development,Laboratory Technician,Bachelor's,Married,1,2.3,2.5,45200.0,2.2,3.9,4.1,4,9.4,Yes,No,1-3 Years,Q1,Excellent,0
EMP11657,40,Male,Marketing,Marketing Manager,Bachelor's,Married,2,2.5,8.7,77400.0,2.5,2.9,4.3,3,12.4,Yes,No,1-3 Years,Q3,Excellent,0
EMP11658,39,Female,Research & Development,R&D Manager,Bachelor's,Married,1,1.0,3.6,45200.0,3.5,3.2,3.7,2,3.0,No,No,<1 Year,Q1,Good,0
EMP11659,20,Male,IT,IT Support,High School,Married,1,1.2,2.3,33700.0,3.8,3.1,4.3,5,6.5,No,No,1-3 Years,Q1,Excellent,0
EMP11660,41,Male,Research & Development,R&D Manager,Master's,Single,2,4.6,7.8,60500.0,3.0,5.0,3.6,2,1.0,No,No,3-5 Years,Q2,Good,0
EMP11661,49,Female,Research & Development,Research Scientist,PhD,Married,2,3.4,7.1,57500.0,3.6,4.1,3.5,2,5.1,Yes,No,3-5 Years,Q2,Good,0
EMP11662,33,Male,Research & Development,R&D Manager,Bachelor's,Single,2,3.4,7.5,59300.0,2.9,4.3,3.7,2,3.3,No,No,3-5 Years,Q2,Good,0
EMP11663,26,Male,Research & Development,R&D Manager,Master's,Divorced,2,2.9,6.0,72600.0,4.2,2.6,3.4,3,13.1,No,No,1-3 Years,Q3,Good,0
EMP11664,24,Male,Marketing,Marketing Analyst,Master's,Single,1,3.7,8.2,55900.0,3.5,3.9,3.4,3,14.1,No,No,3-5 Years,Q2,Good,0
EMP11665,35,Female,Human Resources,Recruiter,Master's,Married,4,8.9,15.8,103000.0,3.3,2.6,3.5,2,10.3,No,No,5-10 Years,Q4,Good,0
EMP11666,30,Female,Marketing,Marketing Analyst,High School,Single,3,5.3,8.5,79600.0,2.9,2.8,3.5,5,1.6,No,No,5-10 Years,Q3,Good,0
EMP11667,30,Male,Research & Development,Laboratory Technician,Bachelor's,Single,1,2.4,2.9,51400.0,4.0,3.7,2.4,4,5.4,No,No,1-3 Years,Q1,Average,0
EMP11668,49,Female,Sales,Sales Representative,Bachelor's,Married,3,6.0,9.8,92600.0,3.9,3.0,3.9,1,6.6,No,No,5-10 Years,Q4,Good,0
EMP11669,32,Male,Research & Development,R&D Manager,Bachelor's,Married,2,3.3,6.2,65000.0,3.0,3.8,4.2,2,6.1,No,No,3-5 Years,Q2,Excellent,0
EMP11670,44,Male,Sales,Sales Manager,Master's,Married,2,3.8,9.9,67500.0,4.3,3.5,4.1,0,27.5,No,No,3-5 Years,Q2,Excellent,0
EMP11671,32,Male,Sales,Sales Executive,Bachelor's,Single,3,5.6,6.3,76100.0,4.1,4.7,3.6,3,9.1,Yes,No,5-10 Years,Q3,Good,0
EMP11672,37,Male,Marketing,Marketing Manager,High School,Married,4,9.2,10.7,113800.0,4.2,3.5,4.1,4,5.6,Yes,No,5-10 Years,Q4,Excellent,0
EMP11673,56,Female,Research & Development,R&D Manager,Bachelor's,Single,2,3.4,6.4,61300.0,3.7,2.8,3.4,2,18.1,No,No,3-5 Years,Q2,Good,0
EMP11674,36,Female,Human Resources,HR Manager,Master's,Divorced,2,1.5,7.0,54900.0,3.2,1.8,4.3,3,3.3,Yes,Yes,1-3 Years,Q2,Excellent,1
EMP11675,30,Male,Finance,Accountant,Master's,Single,3,5.7,4.2,83300.0,1.0,3.5,3.5,0,2.3,No,No,5-10 Years,Q3,Good,0
EMP11676,34,Male,Research & Development,R&D Manager,Master's,Married,2,0.9,1.8,55500.0,3.7,2.0,3.8,4,6.0,No,No,<1 Year,Q2,Good,0
EMP11677,37,Female,Research & Development,Laboratory Technician,Bachelor's,Married,2,3.2,6.2,55400.0,2.7,3.1,3.8,2,26.6,Yes,No,3-5 Years,Q2,Good,0
EMP11678,30,Male,Finance,Finance Manager,Master's,Married,3,4.3,6.5,77800.0,4.5,2.8,3.6,6,9.1,No,No,3-5 Years,Q3,Good,0
EMP11679,48,Male,IT,Software Engineer,Master's,Single,4,5.0,9.9,90900.0,3.4,3.8,3.8,5,17.6,No,No,3-5 Years,Q4,Good,0
EMP11680,31,Female,Research & Development,Laboratory Technician,Master's,Married,1,3.4,4.7,45900.0,5.0,3.7,2.6,1,2.9,No,No,3-5 Years,Q1,Average,0
EMP11681,32,Female,IT,Software Engineer,Master's,Divorced,2,1.2,0.0,53600.0,3.5,4.7,4.6,6,9.7,Yes,No,1-3 Years,Q1,Excellent,0
EMP11682,45,Male,Sales,Sales Executive,Master's,Married,2,1.8,6.5,68300.0,4.2,4.4,2.6,3,5.5,No,Yes,1-3 Years,Q2,Average,1
EMP11683,36,Female,Finance,Financial Analyst,Master's,Married,1,2.9,3.2,56100.0,3.5,3.3,2.9,5,3.1,No,No,1-3 Years,Q2,Average,0
EMP11684,20,Female,Research & Development,R&D Manager,Bachelor's,Single,4,5.5,8.1,100800.0,2.5,4.3,3.8,4,8.5,Yes,No,5-10 Years,Q4,Good,0
EMP11685,36,Female,Finance,Accountant,Master's,Married,2,1.1,3.0,60000.0,4.8,4.1,2.7,3,8.3,Yes,No,1-3 Years,Q2,Average,0
EMP11686,39,Female,Sales,Sales Representative,Bachelor's,Married,1,2.1,10.3,45200.0,2.3,4.2,3.2,1,6.8,No,Yes,1-3 Years,Q1,Good,1
EMP11687,35,Female,Finance,Accountant,PhD,Married,4,10.0,15.6,112500.0,3.2,3.9,2.8,4,8.1,No,No,5-10 Years,Q4,Average,0
EMP11688,27,Female,IT,Systems Analyst,Bachelor's,Married,2,6.4,8.6,65700.0,2.8,2.7,3.3,3,7.8,No,No,5-10 Years,Q2,Good,0
EMP11689,35,Female,Sales,Sales Manager,Bachelor's,Married,1,0.6,3.8,47300.0,3.2,3.3,3.1,2,2.8,No,No,<1 Year,Q1,Good,0
EMP11690,40,Male,Research & Development,Laboratory Technician,Master's,Single,2,1.7,7.6,50200.0,4.1,2.9,2.8,0,1.9,Yes,No,1-3 Years,Q1,Average,0
EMP11691,37,Male,Marketing,Marketing Manager,Master's,Married,3,5.1,6.5,78900.0,4.6,2.0,2.6,3,23.6,Yes,No,5-10 Years,Q3,Average,0
EMP11692,44,Male,Human Resources,HR Specialist,Bachelor's,Married,2,1.1,0.8,60900.0,1.6,2.7,4.5,3,10.1,No,No,1-3 Years,Q2,Excellent,0
EMP11693,31,Male,Marketing,Marketing Specialist,Master's,Single,2,3.1,5.5,58900.0,3.4,2.4,2.8,1,7.7,Yes,No,3-5 Years,Q2,Average,0
EMP11694,38,Female,Research & Development,R&D Manager,Master's,Married,2,4.2,7.6,68800.0,3.5,3.7,3.8,1,10.9,No,No,3-5 Years,Q2,Good,0
EMP11695,20,Male,IT,Systems Analyst,Master's,Divorced,2,3.6,2.0,67500.0,2.5,4.3,3.9,4,8.6,Yes,No,3-5 Years,Q2,Good,0
EMP11696,36,Male,IT,IT Manager,Bachelor's,Married,4,7.1,9.6,100000.0,3.4,4.3,3.4,2,13.6,No,No,5-10 Years,Q4,Good,0
EMP11697,25,Female,IT,IT Support,Bachelor's,Single,2,4.6,5.9,68700.0,4.0,3.9,3.6,2,29.1,No,No,3-5 Years,Q2,Good,0
EMP11698,44,Female,Sales,Sales Representative,Master's,Married,2,1.8,4.3,52900.0,2.9,3.6,2.8,0,5.3,No,Yes,1-3 Years,Q1,Average,1
EMP11699,36,Female,IT,IT Support,High School,Single,2,1.4,1.8,66000.0,3.8,2.8,4.0,2,12.5,No,No,1-3 Years,Q2,Good,0
EMP11700,20,Male,Human Resources,Recruiter,High School,Single,1,1.3,4.9,43000.0,2.5,3.5,4.1,3,8.0,No,No,1-3 Years,Q1,Excellent,0
EMP11701,28,Male,Sales,Sales Executive,Master's,Single,1,2.5,7.5,50500.0,4.5,4.1,3.0,3,2.2,Yes,No,1-3 Years,Q1,Average,0
EMP11702,35,Male,Sales,Sales Executive,Master's,Married,1,1.8,1.1,35300.0,2.3,4.1,2.6,1,1.0,Yes,No,1-3 Years,Q1,Average,0
EMP11703,27,Male,Sales,Sales Representative,Bachelor's,Single,2,4.5,8.2,53600.0,2.7,3.3,3.8,2,5.3,No,Yes,3-5 Years,Q1,Good,1
EMP11704,36,Male,Marketing,Marketing Analyst,Bachelor's,Divorced,2,2.7,5.0,60500.0,2.5,4.0,3.7,4,1.8,Yes,Yes,1-3 Years,Q2,Good,1
EMP11705,28,Male,IT,IT Manager,Master's,Single,3,4.2,7.2,76500.0,2.8,3.6,3.4,2,15.7,Yes,No,3-5 Years,Q3,Good,0
EMP11706,21,Male,IT,Systems Analyst,Master's,Single,4,5.1,8.1,96000.0,3.8,3.4,1.9,2,12.3,No,No,5-10 Years,Q4,Low,0
EMP11707,28,Male,Research & Development,Research Scientist,Master's,Single,3,5.0,4.8,93800.0,4.5,2.6,3.3,3,6.5,No,No,3-5 Years,Q4,Good,0
EMP11708,37,Female,Marketing,Marketing Specialist,Master's,Married,2,4.1,3.5,57100.0,2.8,3.9,2.3,3,6.3,No,No,3-5 Years,Q2,Average,0
EMP11709,40,Female,Research & Development,Laboratory Technician,Bachelor's,Divorced,5,9.9,12.7,124800.0,3.9,3.9,3.5,2,19.4,No,No,5-10 Years,Q4,Good,0
EMP11710,27,Male,Sales,Sales Executive,High School,Married,4,6.2,10.2,88800.0,1.2,3.5,3.8,2,11.8,Yes,No,5-10 Years,Q4,Good,0
EMP11711,39,Male,Human Resources,HR Manager,Bachelor's,Married,1,1.3,4.0,38200.0,3.3,3.4,2.8,3,7.3,No,No,1-3 Years,Q1,Average,0
EMP11712,26,Male,Marketing,Marketing Manager,Bachelor's,Single,1,1.1,1.6,39700.0,3.5,3.3,3.9,2,18.4,No,No,1-3 Years,Q1,Good,0
EMP11713,34,Female,Finance,Financial Analyst,High School,Married,3,4.0,5.9,90300.0,5.0,3.3,3.4,1,12.4,No,No,3-5 Years,Q4,Good,0
EMP11714,29,Male,IT,IT Support,Bachelor's,Single,3,5.2,5.8,86100.0,3.2,1.1,2.9,6,8.5,No,No,5-10 Years,Q3,Average,0
EMP11715,46,Male,Research & Development,R&D Manager,Bachelor's,Single,2,3.1,3.6,65600.0,3.4,1.8,3.5,0,7.4,No,No,3-5 Years,Q2,Good,0
EMP11716,33,Male,Finance,Financial Analyst,Bachelor's,Single,1,0.4,5.0,44000.0,2.5,4.0,3.8,3,13.3,No,No,<1 Year,Q1,Good,0
EMP11717,32,Male,Research & Development,Laboratory Technician,Master's,Married,1,4.3,13.0,50200.0,4.4,3.6,2.7,3,7.8,No,No,3-5 Years,Q1,Average,0
EMP11718,40,Male,Sales,Sales Representative,Bachelor's,Single,3,3.1,10.3,73300.0,1.4,2.5,3.3,2,1.1,No,No,3-5 Years,Q3,Good,0
EMP11719,37,Male,Sales,Sales Executive,Bachelor's,Single,3,8.0,11.4,76000.0,3.6,3.8,2.2,1,2.6,No,No,5-10 Years,Q3,Average,0
EMP11720,34,Male,Human Resources,HR Manager,Master's,Married,1,3.7,3.5,46900.0,4.3,4.2,2.3,1,8.3,Yes,No,3-5 Years,Q1,Average,0
EMP11721,43,Female,Sales,Sales Manager,Bachelor's,Married,5,12.5,14.7,112100.0,1.9,2.0,2.4,6,5.9,Yes,No,10+ Years,Q4,Average,0
EMP11722,39,Male,Human Resources,Recruiter,Bachelor's,Married,1,2.9,7.9,46900.0,2.1,2.8,3.2,4,11.3,No,No,1-3 Years,Q1,Good,0
EMP11723,20,Female,IT,Systems Analyst,Bachelor's,Single,1,3.2,6.8,32400.0,5.0,3.2,3.2,4,11.4,Yes,No,3-5 Years,Q1,Good,0
EMP11724,29,Male,Finance,Financial Analyst,Master's,Married,1,3.5,8.9,45900.0,1.7,3.0,3.2,2,7.8,Yes,No,3-5 Years,Q1,Good,0
EMP11725,49,Female,Sales,Sales Manager,Bachelor's,Single,4,5.6,9.0,88300.0,2.1,3.3,2.3,2,27.4,No,No,5-10 Years,Q4,Average,0
EMP11726,26,Male,Human Resources,HR Specialist,Master's,Married,1,2.2,2.7,41500.0,4.1,4.2,3.4,6,6.2,No,Yes,1-3 Years,Q1,Good,1
EMP11727,48,Female,Research & Development,Research Scientist,High School,Married,2,3.6,2.9,63000.0,3.9,3.5,3.3,5,9.1,No,Yes,3-5 Years,Q2,Good,1
EMP11728,35,Male,Marketing,Marketing Manager,Master's,Single,2,3.8,2.1,62500.0,4.6,3.3,3.3,2,5.4,No,Yes,3-5 Years,Q2,Good,1
EMP11729,43,Female,Research & Development,Laboratory Technician,Bachelor's,Single,2,3.2,6.5,59900.0,3.0,3.8,3.5,3,15.0,Yes,No,3-5 Years,Q2,Good,0
EMP11730,39,Male,Sales,Sales Executive,Bachelor's,Married,2,4.5,10.0,62500.0,3.2,4.0,2.3,2,7.8,No,No,3-5 Years,Q2,Average,0
EMP11731,27,Female,Marketing,Marketing Analyst,High School,Single,3,6.8,6.0,73300.0,3.0,3.5,2.4,4,11.9,No,No,5-10 Years,Q3,Average,0
EMP11732,35,Female,IT,IT Manager,Bachelor's,Single,1,1.3,3.6,40800.0,3.0,2.0,3.3,3,20.7,No,No,1-3 Years,Q1,Good,0
EMP11733,43,Male,Marketing,Marketing Manager,Master's,Married,4,8.9,13.5,98900.0,3.8,1.9,4.5,2,2.2,No,No,5-10 Years,Q4,Excellent,0
EMP11734,41,Male,Finance,Financial Analyst,Master's,Married,4,8.6,8.4,111000.0,2.4,2.7,2.7,3,15.4,No,No,5-10 Years,Q4,Average,0
EMP11735,42,Male,Sales,Sales Manager,Master's,Married,5,13.3,15.6,128900.0,2.9,3.4,3.6,1,3.8,No,No,10+ Years,Q4,Good,0
EMP11736,50,Male,Sales,Sales Representative,High School,Married,3,4.6,4.9,83300.0,2.8,3.3,2.7,1,7.3,No,No,3-5 Years,Q3,Average,0
EMP11737,44,Male,Sales,Sales Manager,PhD,Single,3,1.9,3.6,79400.0,3.3,2.1,3.3,3,22.6,Yes,Yes,1-3 Years,Q3,Good,1
EMP11738,34,Female,IT,IT Manager,High School,Single,4,9.8,8.9,108400.0,1.9,3.0,3.7,5,6.5,Yes,No,5-10 Years,Q4,Good,0
EMP11739,25,Male,Marketing,Marketing Manager,Bachelor's,Single,2,1.8,0.5,59400.0,1.8,3.1,4.5,1,32.9,Yes,No,1-3 Years,Q2,Excellent,0
EMP11740,40,Male,Marketing,Marketing Specialist,High School,Divorced,4,5.8,12.4,102600.0,3.0,3.7,4.2,1,11.7,No,No,5-10 Years,Q4,Excellent,0
EMP11741,34,Male,Sales,Sales Executive,Bachelor's,Married,3,3.5,8.1,73400.0,3.4,5.0,2.9,3,2.6,No,Yes,3-5 Years,Q3,Average,1
EMP11742,34,Male,Sales,Sales Executive,Master's,Single,5,8.4,10.2,120200.0,1.9,2.4,3.4,1,2.5,No,No,5-10 Years,Q4,Good,0
EMP11743,24,Female,Sales,Sales Representative,Master's,Married,2,0.7,3.5,50600.0,3.1,2.0,2.6,3,15.1,Yes,No,<1 Year,Q1,Average,0
EMP11744,27,Female,Human Resources,HR Manager,Master's,Divorced,5,10.2,10.6,118400.0,3.5,3.0,2.7,2,7.4,Yes,Yes,10+ Years,Q4,Average,1
EMP11745,20,Male,Finance,Accountant,Bachelor's,Married,2,1.9,4.8,56500.0,4.4,3.6,3.2,4,2.4,No,No,1-3 Years,Q2,Good,0
EMP11746,49,Male,Research & Development,Laboratory Technician,Bachelor's,Single,2,3.4,7.4,60400.0,1.0,3.6,3.0,1,7.9,No,No,3-5 Years,Q2,Average,0
EMP11747,43,Female,Finance,Finance Manager,Bachelor's,Divorced,2,0.9,4.9,61400.0,3.0,2.3,2.9,5,18.9,No,No,<1 Year,Q2,Average,0
EMP11748,34,Male,Research & Development,Laboratory Technician,Bachelor's,Married,2,1.2,4.7,48300.0,3.2,1.6,3.2,0,11.9,Yes,Yes,1-3 Years,Q1,Good,1
EMP11749,28,Male,Finance,Financial Analyst,Bachelor's,Married,3,5.0,12.0,82700.0,3.0,4.6,3.2,4,12.6,No,No,3-5 Years,Q3,Good,0
EMP11750,32,Female,Sales,Sales Executive,Bachelor's,Divorced,3,7.6,8.2,85700.0,2.2,2.0,3.3,4,29.1,No,No,5-10 Years,Q3,Good,0
EMP11751,41,Male,IT,IT Support,Master's,Married,2,5.2,6.9,65000.0,2.5,4.2,3.7,7,9.1,Yes,No,5-10 Years,Q2,Good,0
EMP11752,26,Male,Sales,Sales Manager,Bachelor's,Married,2,2.7,7.2,62600.0,3.5,2.9,3.1,3,4.1,No,No,1-3 Years,Q2,Good,0
EMP11753,23,Male,Research & Development,Laboratory Technician,Bachelor's,Single,3,4.8,5.4,91100.0,1.6,2.4,2.0,3,3.6,No,No,3-5 Years,Q4,Low,0
EMP11754,25,Male,IT,IT Manager,Master's,Married,2,4.2,8.0,74000.0,4.0,4.0,3.7,4,3.7,No,No,3-5 Years,Q3,Good,0
EMP11755,50,Male,Marketing,Marketing Manager,Master's,Single,2,2.2,3.2,71700.0,2.3,3.1,2.1,6,6.7,No,No,1-3 Years,Q3,Average,0
EMP11756,30,Female,Sales,Sales Executive,Bachelor's,Divorced,3,2.7,2.1,69400.0,4.7,2.0,2.0,3,1.1,No,No,1-3 Years,Q3,Low,0
EMP11757,40,Male,Sales,Sales Manager,Bachelor's,Married,5,13.5,14.2,127000.0,3.8,3.0,3.2,2,6.7,Yes,No,10+ Years,Q4,Good,0
EMP11758,27,Male,IT,Software Engineer,Bachelor's,Married,4,8.5,8.9,100400.0,3.6,1.1,3.7,5,24.2,No,No,5-10 Years,Q4,Good,0
EMP11759,35,Male,IT,IT Manager,PhD,Single,1,1.7,3.8,30700.0,2.6,3.5,3.3,3,4.1,No,No,1-3 Years,Q1,Good,0
EMP11760,46,Male,Research & Development,Research Scientist,Bachelor's,Divorced,3,3.6,6.6,77100.0,2.8,4.0,3.4,2,5.9,No,No,3-5 Years,Q3,Good,0
EMP11761,23,Male,Research & Development,Laboratory Technician,Bachelor's,Single,4,11.6,11.6,116200.0,2.6,2.6,3.5,3,8.7,No,No,10+ Years,Q4,Good,0
EMP11762,44,Female,Research & Development,Laboratory Technician,Bachelor's,Single,2,6.0,12.2,55700.0,3.5,2.6,3.7,4,2.1,Yes,No,5-10 Years,Q2,Good,0
EMP11763,24,Male,IT,IT Manager,PhD,Married,3,7.1,6.5,81400.0,3.3,4.1,2.9,2,30.6,No,No,5-10 Years,Q3,Average,0
EMP11764,40,Male,IT,IT Support,Bachelor's,Married,3,4.2,8.5,69100.0,3.2,3.6,3.1,0,7.4,No,No,3-5 Years,Q3,Good,0
EMP11765,30,Male,Sales,Sales Manager,Bachelor's,Married,2,1.1,0.7,68000.0,2.7,1.6,3.1,1,19.6,Yes,Yes,1-3 Years,Q2,Good,1
EMP11766,45,Female,Research & Development,R&D Manager,Bachelor's,Married,4,1.9,5.4,80900.0,2.9,3.0,3.3,5,7.1,No,No,1-3 Years,Q3,Good,0
EMP11767,34,Male,Research & Development,Laboratory Technician,Master's,Married,2,0.7,4.1,64500.0,3.9,2.9,3.0,4,11.0,No,No,<1 Year,Q2,Average,0
EMP11768,20,Female,IT,IT Support,Bachelor's,Married,2,1.6,6.2,52700.0,2.3,3.3,3.4,3,5.9,No,No,1-3 Years,Q1,Good,0
EMP11769,32,Female,Research & Development,Laboratory Technician,Master's,Married,1,1.1,3.5,46100.0,4.3,1.8,4.0,1,23.4,No,No,1-3 Years,Q1,Good,0
EMP11770,41,Male,Sales,Sales Manager,Bachelor's,Divorced,4,0.2,2.0,88400.0,2.3,3.1,2.7,5,17.6,No,No,<1 Year,Q4,Average,0
EMP11771,27,Female,Marketing,Marketing Manager,High School,Divorced,2,2.4,0.0,53400.0,3.1,4.2,4.1,5,3.6,No,No,1-3 Years,Q1,Excellent,0
EMP11772,38,Female,IT,IT Manager,Master's,Married,4,5.1,5.4,87600.0,4.3,3.6,3.6,4,3.2,No,No,5-10 Years,Q3,Good,0
EMP11773,42,Male,Marketing,Marketing Manager,Master's,Divorced,3,5.0,6.9,84200.0,2.4,3.1,2.9,3,7.3,No,No,3-5 Years,Q3,Average,0
EMP11774,34,Male,Marketing,Marketing Specialist,Master's,Married,2,6.1,5.1,65600.0,3.3,2.7,2.3,5,16.1,Yes,Yes,5-10 Years,Q2,Average,1
EMP11775,27,Male,Human Resources,HR Specialist,High School,Single,4,10.7,15.5,110200.0,3.0,2.8,3.6,2,5.4,No,No,10+ Years,Q4,Good,0
EMP11776,29,Female,Finance,Accountant,PhD,Married,3,4.8,6.3,75000.0,3.6,4.2,2.9,2,4.7,No,No,3-5 Years,Q3,Average,0
EMP11777,31,Male,Research & Development,Research Scientist,Bachelor's,Married,2,3.4,4.8,62500.0,3.7,2.2,2.3,5,3.7,No,No,3-5 Years,Q2,Average,0
EMP11778,56,Male,Sales,Sales Executive,PhD,Married,5,7.4,11.8,116000.0,3.6,3.1,3.5,1,4.7,No,No,5-10 Years,Q4,Good,0
EMP11779,40,Female,IT,IT Support,Bachelor's,Divorced,3,3.5,7.5,75700.0,5.0,2.7,3.0,4,2.6,No,No,3-5 Years,Q3,Average,0
EMP11780,28,Female,Finance,Financial Analyst,Master's,Divorced,4,4.3,5.4,102500.0,4.1,4.5,2.1,1,3.1,No,No,3-5 Years,Q4,Average,0
EMP11781,34,Male,Marketing,Marketing Specialist,Bachelor's,Single,2,1.7,5.5,42300.0,4.2,3.2,2.6,1,11.5,No,No,1-3 Years,Q1,Average,0
EMP11782,26,Male,Sales,Sales Representative,Bachelor's,Divorced,5,6.2,8.1,106700.0,3.3,2.4,3.4,8,6.1,No,Yes,5-10 Years,Q4,Good,1
EMP11783,57,Male,Finance,Financial Analyst,Master's,Married,4,9.0,7.2,102000.0,2.1,3.3,3.2,3,3.0,No,No,5-10 Years,Q4,Good,0
EMP11784,40,Female,Sales,Sales Representative,Master's,Divorced,2,4.7,6.0,75300.0,3.6,2.0,2.5,2,7.3,Yes,No,3-5 Years,Q3,Average,0
EMP11785,31,Male,Finance,Accountant,Bachelor's,Single,2,5.0,9.4,59100.0,1.4,2.5,1.8,7,9.7,No,No,3-5 Years,Q2,Low,0
EMP11786,40,Female,Research & Development,Laboratory Technician,PhD,Married,4,8.5,10.1,105900.0,3.4,2.4,4.3,5,6.5,No,No,5-10 Years,Q4,Excellent,0
EMP11787,60,Female,IT,IT Manager,Bachelor's,Married,4,11.1,12.4,109600.0,2.8,3.7,2.3,3,11.8,No,No,10+ Years,Q4,Average,0
EMP11788,30,Male,Sales,Sales Manager,Bachelor's,Divorced,3,6.5,8.9,88700.0,1.4,3.9,1.8,2,18.2,No,No,5-10 Years,Q4,Low,0
EMP11789,34,Female,Marketing,Marketing Specialist,Master's,Married,3,4.9,6.1,84800.0,1.0,2.4,3.2,1,11.9,No,No,3-5 Years,Q3,Good,0
EMP11790,34,Male,IT,Systems Analyst,High School,Single,1,0.5,3.4,43300.0,3.2,3.3,2.9,6,2.7,No,No,<1 Year,Q1,Average,0
EMP11791,29,Female,Research & Development,Research Scientist,Master's,Married,3,0.9,3.3,69700.0,3.1,3.8,3.5,1,20.8,No,No,<1 Year,Q3,Good,0
EMP11792,32,Male,Research & Development,Research Scientist,Bachelor's,Married,1,3.3,2.5,49300.0,4.0,1.8,3.3,1,26.0,No,Yes,3-5 Years,Q1,Good,1
EMP11793,35,Female,Marketing,Marketing Manager,Bachelor's,Divorced,3,2.4,3.4,80300.0,2.6,3.1,2.9,5,24.2,No,No,1-3 Years,Q3,Average,0
EMP11794,38,Female,IT,IT Support,Bachelor's,Married,2,4.2,5.5,70300.0,2.8,2.8,2.2,2,12.8,No,No,3-5 Years,Q3,Average,0
EMP11795,38,Male,IT,IT Manager,Bachelor's,Married,4,6.0,7.5,93600.0,3.2,1.6,3.1,2,18.3,No,No,5-10 Years,Q4,Good,0
EMP11796,35,Female,IT,IT Manager,Bachelor's,Single,2,3.6,8.7,64900.0,3.4,3.5,3.6,3,8.9,Yes,No,3-5 Years,Q2,Good,0
EMP11797,20,Male,IT,Systems Analyst,PhD,Married,3,2.5,4.9,69900.0,3.8,3.9,2.9,1,1.5,No,No,1-3 Years,Q3,Average,0
EMP11798,36,Female,IT,IT Support,PhD,Married,2,7.8,13.4,79200.0,4.5,3.5,4.4,4,14.8,No,No,5-10 Years,Q3,Excellent,0
EMP11799,36,Female,Sales,Sales Manager,Master's,Single,2,2.8,4.6,50500.0,3.5,3.2,3.3,2,12.7,No,No,1-3 Years,Q1,Good,0
EMP11800,27,Male,IT,Software Engineer,Bachelor's,Single,2,3.8,7.9,71100.0,3.6,1.3,3.0,3,16.9,No,No,3-5 Years,Q3,Average,0
EMP11801,32,Male,IT,IT Support,Master's,Married,1,1.5,7.0,43400.0,2.4,2.0,3.3,2,5.6,No,No,1-3 Years,Q1,Good,0
EMP11802,47,Male,Human Resources,HR Manager,Bachelor's,Single,3,0.6,6.4,80900.0,2.9,2.8,3.0,3,18.0,No,No,<1 Year,Q3,Average,0
EMP11803,32,Male,Finance,Accountant,Master's,Married,1,1.5,4.8,47400.0,3.6,3.8,3.8,1,12.5,No,No,1-3 Years,Q1,Good,0
EMP11804,41,Female,Research & Development,R&D Manager,Bachelor's,Married,3,7.0,11.3,81100.0,3.8,1.8,2.9,3,1.5,No,No,5-10 Years,Q3,Average,0
EMP11805,34,Male,Research & Development,Research Scientist,Bachelor's,Divorced,2,4.4,6.4,60900.0,3.4,4.3,3.1,3,14.3,No,No,3-5 Years,Q2,Good,0
EMP11806,40,Male,Marketing,Marketing Specialist,Bachelor's,Single,4,10.4,11.7,109500.0,2.0,1.8,2.2,6,3.4,Yes,Yes,10+ Years,Q4,Average,1
EMP11807,41,Male,Research & Development,Research Scientist,Bachelor's,Married,3,5.2,7.5,90100.0,2.4,2.6,2.4,3,16.7,No,No,5-10 Years,Q4,Average,0
EMP11808,40,Female,IT,Systems Analyst,Bachelor's,Divorced,1,1.3,2.2,41300.0,4.3,3.7,2.7,4,12.4,No,No,1-3 Years,Q1,Average,0
EMP11809,32,Female,Finance,Finance Manager,PhD,Divorced,1,4.4,7.3,41400.0,2.8,2.1,3.3,3,9.2,No,No,3-5 Years,Q1,Good,0
EMP11810,29,Female,Sales,Sales Representative,Master's,Single,4,9.3,11.2,100100.0,3.5,3.8,3.9,1,17.9,Yes,No,5-10 Years,Q4,Good,0
EMP11811,26,Male,Research & Development,Research Scientist,High School,Married,3,4.1,7.1,84400.0,3.4,5.0,3.8,3,12.2,Yes,No,3-5 Years,Q3,Good,0
EMP11812,36,Male,Finance,Financial Analyst,Bachelor's,Married,2,2.1,9.0,53300.0,2.2,2.2,2.3,3,12.1,Yes,Yes,1-3 Years,Q1,Average,1
EMP11813,24,Female,Human Resources,HR Manager,Master's,Married,1,0.8,5.4,37900.0,2.8,3.1,3.4,2,2.2,No,No,<1 Year,Q1,Good,0
EMP11814,43,Male,Sales,Sales Manager,Bachelor's,Single,4,6.9,10.4,86100.0,3.1,2.6,3.0,3,6.5,No,No,5-10 Years,Q3,Average,0
EMP11815,32,Male,Sales,Sales Executive,Bachelor's,Married,1,1.8,2.0,28900.0,4.7,4.2,4.0,3,10.6,No,No,1-3 Years,Q1,Good,0
EMP11816,29,Female,Human Resources,HR Specialist,Bachelor's,Married,2,3.0,4.4,59200.0,3.1,2.8,4.1,5,17.5,No,No,1-3 Years,Q2,Excellent,0
EMP11817,20,Male,Marketing,Marketing Specialist,Master's,Married,3,9.9,12.0,94900.0,3.2,4.4,2.1,3,22.7,Yes,No,5-10 Years,Q4,Average,0
EMP11818,24,Female,Marketing,Marketing Analyst,Master's,Single,3,3.4,5.0,76300.0,4.0,3.1,2.8,7,7.0,Yes,No,3-5 Years,Q3,Average,0
EMP11819,26,Female,Sales,Sales Executive,High School,Married,3,5.5,6.3,80500.0,2.5,3.5,2.3,3,16.0,No,No,5-10 Years,Q3,Average,0
EMP11820,37,Male,Marketing,Marketing Analyst,High School,Married,2,1.0,5.3,63800.0,2.8,3.0,2.9,2,2.0,Yes,Yes,<1 Year,Q2,Average,1
EMP11821,24,Male,Human Resources,HR Specialist,Bachelor's,Married,2,0.7,3.2,53000.0,3.6,2.5,2.9,4,16.0,No,No,<1 Year,Q1,Average,0
EMP11822,33,Male,Research & Development,Laboratory Technician,Bachelor's,Married,2,7.3,11.1,67400.0,3.0,2.9,3.0,3,9.0,No,No,5-10 Years,Q2,Average,0
EMP11823,32,Female,Finance,Finance Manager,Bachelor's,Married,1,2.0,0.9,45700.0,5.0,3.4,4.8,5,4.0,No,No,1-3 Years,Q1,Excellent,0
EMP11824,28,Female,Marketing,Marketing Manager,Bachelor's,Single,1,3.0,4.8,47000.0,2.3,2.9,2.4,1,12.9,Yes,No,1-3 Years,Q1,Average,0
EMP11825,34,Male,Research & Development,Research Scientist,Bachelor's,Married,2,5.5,9.0,56300.0,3.5,1.0,2.9,5,19.0,No,No,5-10 Years,Q2,Average,0
EMP11826,38,Male,Marketing,Marketing Analyst,Master's,Divorced,2,3.0,2.3,65700.0,3.9,3.4,3.8,4,15.4,No,No,1-3 Years,Q2,Good,0
EMP11827,23,Female,Human Resources,Recruiter,Bachelor's,Married,2,4.9,6.3,72100.0,5.0,4.1,4.4,4,7.4,No,No,3-5 Years,Q3,Excellent,0
EMP11828,43,Male,Sales,Sales Executive,Bachelor's,Single,1,1.4,0.8,48000.0,4.6,1.5,3.2,3,8.8,No,No,1-3 Years,Q1,Good,0
EMP11829,47,Male,Marketing,Marketing Specialist,Master's,Married,2,5.3,5.9,55300.0,1.8,3.1,3.9,1,7.2,Yes,No,5-10 Years,Q2,Good,0
EMP11830,29,Male,Finance,Financial Analyst,High School,Married,2,2.9,4.2,56000.0,2.9,3.7,3.0,6,3.0,No,No,1-3 Years,Q2,Average,0
EMP11831,36,Female,Human Resources,HR Manager,PhD,Married,4,6.9,10.2,92800.0,3.4,1.8,2.6,5,23.0,No,No,5-10 Years,Q4,Average,0
EMP11832,30,Male,Sales,Sales Manager,Master's,Single,2,3.6,4.7,62000.0,3.4,3.5,3.0,6,1.9,No,No,3-5 Years,Q2,Average,0
EMP11833,42,Female,Research & Development,Research Scientist,Master's,Married,3,5.6,7.1,90900.0,4.9,1.8,3.7,2,6.3,No,No,5-10 Years,Q4,Good,0
EMP11834,31,Female,Finance,Financial Analyst,Bachelor's,Divorced,2,8.9,11.1,75500.0,2.7,3.9,2.0,5,3.8,Yes,No,5-10 Years,Q3,Low,0
EMP11835,20,Female,Finance,Accountant,High School,Divorced,1,3.1,5.0,44300.0,5.0,4.8,2.5,1,17.9,No,No,3-5 Years,Q1,Average,0
EMP11836,24,Female,Sales,Sales Manager,Bachelor's,Married,2,2.0,4.7,55600.0,3.7,3.1,3.4,1,29.9,Yes,No,1-3 Years,Q2,Good,0
EMP11837,28,Male,Marketing,Marketing Analyst,Master's,Single,4,4.4,8.6,94000.0,3.3,4.3,2.3,3,5.9,No,No,3-5 Years,Q4,Average,0
EMP11838,33,Male,Marketing,Marketing Analyst,Master's,Single,2,1.0,3.9,54000.0,2.6,3.2,2.6,5,13.1,No,No,<1 Year,Q1,Average,0
EMP11839,51,Male,Research & Development,Research Scientist,Bachelor's,Married,1,1.1,4.0,40400.0,4.6,3.8,3.6,2,5.4,Yes,No,1-3 Years,Q1,Good,0
EMP11840,39,Male,Research & Development,Laboratory Technician,Master's,Single,2,3.4,5.2,60700.0,3.8,2.9,4.9,1,2.6,No,No,3-5 Years,Q2,Excellent,0
EMP11841,41,Male,Human Resources,Recruiter,Master's,Single,5,15.7,20.8,130600.0,3.3,4.0,3.3,3,7.9,No,No,10+ Years,Q4,Good,0
EMP11842,35,Female,Sales,Sales Executive,High School,Married,4,8.2,10.8,109000.0,1.5,2.3,2.9,5,35.1,Yes,No,5-10 Years,Q4,Average,0
EMP11843,28,Male,Finance,Finance Manager,Bachelor's,Married,2,5.1,7.6,67400.0,4.5,3.1,2.4,5,6.5,No,No,5-10 Years,Q2,Average,0
EMP11844,49,Male,IT,Software Engineer,Master's,Married,2,4.7,7.5,63400.0,1.5,4.1,2.6,1,24.2,Yes,No,3-5 Years,Q2,Average,0
EMP11845,29,Male,Research & Development,R&D Manager,Bachelor's,Married,2,0.9,0.0,64400.0,3.2,2.5,1.7,2,15.6,No,No,<1 Year,Q2,Low,0
EMP11846,27,Female,Research & Development,R&D Manager,PhD,Single,1,1.9,5.3,43000.0,3.4,3.6,2.9,5,4.3,No,No,1-3 Years,Q1,Average,0
EMP11847,33,Female,Human Resources,HR Specialist,Bachelor's,Divorced,3,8.2,9.7,96000.0,1.9,3.2,4.4,3,13.2,No,No,5-10 Years,Q4,Excellent,0
EMP11848,31,Male,Research & Development,Laboratory Technician,Master's,Married,3,6.0,7.5,81800.0,3.7,3.0,3.7,3,11.0,No,No,5-10 Years,Q3,Good,0
EMP11849,35,Female,Research & Development,Laboratory Technician,Master's,Married,3,2.5,5.9,71800.0,3.2,2.6,2.8,4,7.7,No,No,1-3 Years,Q3,Average,0
EMP11850,49,Female,IT,Systems Analyst,Bachelor's,Married,1,2.0,0.2,35200.0,5.0,3.8,2.8,4,9.7,No,Yes,1-3 Years,Q1,Average,1
EMP11851,27,Female,IT,IT Manager,High School,Married,3,4.5,5.5,84100.0,1.7,2.1,3.1,1,4.5,No,No,3-5 Years,Q3,Good,0
EMP11852,41,Male,Research & Development,Laboratory Technician,Bachelor's,Single,3,6.2,9.0,83000.0,4.7,1.8,3.2,3,15.9,No,No,5-10 Years,Q3,Good,0
EMP11853,39,Female,Finance,Accountant,Bachelor's,Single,2,4.1,4.8,55100.0,1.9,1.9,2.9,1,7.2,Yes,No,3-5 Years,Q2,Average,0
EMP11854,27,Male,Research & Development,Research Scientist,Bachelor's,Single,1,1.9,6.2,35400.0,2.2,5.0,2.6,6,10.3,Yes,Yes,1-3 Years,Q1,Average,1
EMP11855,35,Male,IT,IT Support,Bachelor's,Single,1,3.3,8.0,42400.0,3.2,2.5,1.4,4,3.5,No,No,3-5 Years,Q1,Low,0
EMP11856,45,Male,Sales,Sales Representative,Bachelor's,Married,2,1.3,3.7,61700.0,2.3,3.2,1.9,3,5.7,Yes,Yes,1-3 Years,Q2,Low,1
EMP11857,40,Female,IT,Software Engineer,Master's,Single,3,4.5,4.4,80700.0,3.5,3.3,4.2,0,5.9,Yes,No,3-5 Years,Q3,Excellent,0
EMP11858,33,Male,Sales,Sales Representative,Bachelor's,Divorced,1,5.4,9.8,52800.0,3.4,4.2,2.0,3,4.1,No,No,5-10 Years,Q1,Low,0
EMP11859,25,Male,IT,Software Engineer,Bachelor's,Married,3,4.7,7.6,80500.0,2.7,2.9,2.3,3,10.7,No,No,3-5 Years,Q3,Average,0
EMP11860,26,Female,Research & Development,R&D Manager,Master's,Divorced,2,2.0,2.4,65200.0,4.2,1.5,2.6,2,1.9,No,No,1-3 Years,Q2,Average,0
EMP11861,37,Male,Human Resources,HR Manager,Bachelor's,Married,4,9.4,12.1,99700.0,3.9,3.0,1.7,1,4.5,Yes,No,5-10 Years,Q4,Low,0
EMP11862,42,Male,Finance,Accountant,Bachelor's,Married,2,4.5,3.4,70200.0,3.2,3.7,4.0,5,16.9,No,No,3-5 Years,Q3,Good,0
EMP11863,37,Male,Marketing,Marketing Analyst,Bachelor's,Married,5,19.9,21.5,132900.0,3.7,3.0,3.5,5,2.1,No,No,10+ Years,Q4,Good,0
EMP11864,31,Male,Human Resources,Recruiter,Bachelor's,Married,4,5.4,9.8,75300.0,2.0,3.1,3.4,2,19.2,No,No,5-10 Years,Q3,Good,0
EMP11865,30,Female,Marketing,Marketing Analyst,Master's,Married,3,3.4,3.6,90900.0,3.2,2.6,3.9,2,19.9,No,No,3-5 Years,Q4,Good,0
EMP11866,37,Male,Research & Development,R&D Manager,Bachelor's,Married,3,0.6,4.7,74200.0,2.2,2.4,3.3,3,8.1,No,No,<1 Year,Q3,Good,0
EMP11867,35,Female,IT,Systems Analyst,Bachelor's,Married,2,2.8,5.6,63500.0,3.4,2.9,2.5,2,10.0,Yes,No,1-3 Years,Q2,Average,0
EMP11868,30,Male,Finance,Finance Manager,Master's,Married,3,5.2,12.3,83800.0,3.6,2.6,3.1,5,12.3,No,No,5-10 Years,Q3,Good,0
EMP11869,32,Female,IT,IT Manager,Bachelor's,Married,2,1.9,2.4,56300.0,3.3,2.6,3.0,5,9.9,No,No,1-3 Years,Q2,Average,0
EMP11870,41,Male,Sales,Sales Manager,Bachelor's,Divorced,3,1.4,7.3,71900.0,2.2,2.5,3.0,2,4.4,No,No,1-3 Years,Q3,Average,0
EMP11871,26,Male,Finance,Finance Manager,Master's,Single,3,2.0,3.3,69100.0,2.6,3.4,3.6,6,4.7,No,No,1-3 Years,Q2,Good,0
EMP11872,47,Male,Research & Development,Laboratory Technician,PhD,Married,3,5.1,8.9,68700.0,4.1,4.2,2.3,2,12.3,No,No,5-10 Years,Q2,Average,0
EMP11873,24,Male,Sales,Sales Representative,Master's,Married,4,6.0,6.5,101100.0,3.7,3.4,2.7,2,5.7,No,No,5-10 Years,Q4,Average,0
EMP11874,52,Male,IT,Systems Analyst,PhD,Married,2,2.3,3.5,49200.0,2.8,4.5,3.9,4,3.5,No,No,1-3 Years,Q1,Good,0
EMP11875,23,Male,Research & Development,Laboratory Technician,Bachelor's,Divorced,3,4.9,6.4,71600.0,1.8,2.9,1.6,1,9.8,No,No,3-5 Years,Q3,Low,0
EMP11876,37,Female,Research & Development,Laboratory Technician,Bachelor's,Married,1,2.9,6.0,54300.0,4.4,2.7,2.3,2,2.5,No,No,1-3 Years,Q1,Average,0
EMP11877,41,Female,Research & Development,Research Scientist,Bachelor's,Married,2,2.4,0.2,58800.0,4.7,4.7,3.9,2,16.5,Yes,Yes,1-3 Years,Q2,Good,1
EMP11878,47,Male,IT,Software Engineer,Master's,Married,4,6.9,10.3,90100.0,3.6,3.6,2.9,4,9.5,No,No,5-10 Years,Q4,Average,0
EMP11879,43,Male,Marketing,Marketing Manager,PhD,Married,2,5.0,13.2,71800.0,4.0,2.5,3.6,0,12.3,No,No,3-5 Years,Q3,Good,0
EMP11880,45,Male,IT,IT Support,Bachelor's,Married,3,3.9,6.1,85900.0,2.0,3.6,4.4,6,4.9,No,No,3-5 Years,Q3,Excellent,0
EMP11881,23,Male,Sales,Sales Representative,Master's,Single,1,1.6,5.3,40600.0,1.6,1.9,2.9,2,6.8,No,Yes,1-3 Years,Q1,Average,1
EMP11882,30,Male,Sales,Sales Manager,Bachelor's,Single,2,5.1,9.8,68900.0,4.7,2.3,2.9,3,22.3,Yes,Yes,5-10 Years,Q2,Average,1
EMP11883,29,Female,Sales,Sales Executive,Bachelor's,Single,4,7.5,11.4,96200.0,3.8,4.0,3.6,2,26.9,No,No,5-10 Years,Q4,Good,0
EMP11884,38,Female,Finance,Financial Analyst,High School,Single,4,6.2,10.2,96600.0,1.9,3.1,2.5,2,4.9,No,No,5-10 Years,Q4,Average,0
EMP11885,31,Female,IT,Systems Analyst,Master's,Single,3,5.7,11.1,82200.0,3.5,3.7,3.1,1,11.3,No,No,5-10 Years,Q3,Good,0
EMP11886,38,Male,Marketing,Marketing Specialist,Bachelor's,Married,2,0.9,7.4,64500.0,2.0,3.4,4.1,4,12.3,No,No,<1 Year,Q2,Excellent,0
EMP11887,39,Female,Research & Development,Research Scientist,Master's,Married,3,2.7,4.2,77900.0,2.5,2.1,4.5,0,8.9,Yes,No,1-3 Years,Q3,Excellent,0
EMP11888,20,Male,Human Resources,HR Specialist,Bachelor's,Divorced,1,2.0,3.6,50700.0,4.1,2.5,2.8,1,21.9,Yes,No,1-3 Years,Q1,Average,0
EMP11889,36,Female,IT,IT Manager,Bachelor's,Married,1,2.3,4.6,35600.0,3.0,4.8,3.5,3,5.7,No,Yes,1-3 Years,Q1,Good,1
EMP11890,35,Male,Finance,Accountant,Bachelor's,Married,5,9.8,11.5,113100.0,2.9,4.0,3.5,3,9.3,No,No,5-10 Years,Q4,Good,0
EMP11891,33,Male,Marketing,Marketing Manager,Bachelor's,Married,4,9.8,9.9,103200.0,4.6,3.4,3.8,7,1.5,Yes,No,5-10 Years,Q4,Good,0
EMP11892,31,Male,Finance,Finance Manager,Master's,Married,2,4.9,10.2,68700.0,2.9,3.8,2.8,4,9.7,Yes,Yes,3-5 Years,Q2,Average,1
EMP11893,34,Male,IT,IT Manager,Bachelor's,Divorced,5,13.1,12.1,132700.0,4.9,4.3,3.5,5,1.6,Yes,No,10+ Years,Q4,Good,0
EMP11894,42,Female,Sales,Sales Manager,Master's,Single,3,3.0,3.2,68600.0,3.2,3.2,2.9,2,8.8,Yes,No,1-3 Years,Q2,Average,0
EMP11895,27,Male,Research & Development,R&D Manager,Master's,Married,3,6.0,8.5,79600.0,3.3,3.8,3.8,3,18.1,No,No,5-10 Years,Q3,Good,0
EMP11896,27,Male,IT,IT Support,PhD,Divorced,2,5.9,8.1,84900.0,2.3,2.9,3.8,1,10.0,No,No,5-10 Years,Q3,Good,0
EMP11897,37,Female,Marketing,Marketing Specialist,Bachelor's,Single,1,3.6,7.0,51700.0,2.7,5.0,3.4,2,3.8,No,No,3-5 Years,Q1,Good,0
EMP11898,32,Male,Research & Development,Laboratory Technician,PhD,Single,5,12.0,16.4,133700.0,3.6,3.1,3.1,2,8.4,No,No,10+ Years,Q4,Good,0
EMP11899,25,Female,Marketing,Marketing Analyst,Bachelor's,Married,3,4.8,5.4,83500.0,3.6,3.1,1.5,2,30.0,No,Yes,3-5 Years,Q3,Low,1
EMP11900,49,Female,Finance,Financial Analyst,Bachelor's,Married,3,2.6,6.2,69400.0,3.4,3.0,2.4,2,2.7,No,No,1-3 Years,Q3,Average,0
EMP11901,34,Male,Human Resources,HR Specialist,Master's,Married,3,2.1,6.7,71400.0,5.0,4.5,2.5,1,16.3,Yes,No,1-3 Years,Q3,Average,0
EMP11902,30,Male,Sales,Sales Executive,PhD,Married,3,5.4,8.0,67400.0,2.7,2.4,4.3,4,17.0,No,No,5-10 Years,Q2,Excellent,0
EMP11903,43,Female,IT,IT Manager,Bachelor's,Single,2,6.8,13.3,72500.0,3.0,5.0,2.9,1,11.3,No,No,5-10 Years,Q3,Average,0
EMP11904,21,Male,Sales,Sales Representative,Bachelor's,Divorced,2,1.0,2.2,44900.0,2.9,4.8,2.8,3,9.8,No,No,<1 Year,Q1,Average,0
EMP11905,44,Female,Human Resources,HR Manager,Master's,Single,5,12.5,16.0,134900.0,4.0,3.1,3.3,3,12.3,Yes,No,10+ Years,Q4,Good,0
EMP11906,36,Male,Finance,Accountant,Master's,Single,2,7.2,8.8,72200.0,3.6,3.8,2.8,2,9.6,No,No,5-10 Years,Q3,Average,0
EMP11907,33,Male,Research & Development,R&D Manager,Bachelor's,Single,1,5.5,7.2,59200.0,2.6,1.8,2.1,4,16.6,No,No,5-10 Years,Q2,Average,0
EMP11908,29,Male,Sales,Sales Manager,Bachelor's,Single,3,5.3,9.8,91900.0,2.9,3.7,2.4,3,10.8,Yes,Yes,5-10 Years,Q4,Average,1
EMP11909,41,Female,Research & Development,Laboratory Technician,Master's,Single,3,3.6,6.3,81400.0,3.3,3.8,2.7,2,9.6,No,No,3-5 Years,Q3,Average,0
EMP11910,43,Male,IT,Systems Analyst,Bachelor's,Married,4,7.0,10.1,113200.0,2.2,3.9,3.1,5,5.9,Yes,No,5-10 Years,Q4,Good,0
EMP11911,28,Male,Research & Development,Research Scientist,Bachelor's,Single,2,5.5,9.3,55000.0,4.0,2.5,2.6,3,10.6,No,No,5-10 Years,Q2,Average,0
EMP11912,40,Female,IT,Systems Analyst,PhD,Single,2,4.4,8.4,69500.0,5.0,1.5,2.7,2,3.8,No,No,3-5 Years,Q3,Average,0
EMP11913,44,Female,Marketing,Marketing Specialist,PhD,Married,3,3.1,5.4,78400.0,4.4,2.4,4.0,4,7.1,No,Yes,3-5 Years,Q3,Good,1
EMP11914,31,Male,IT,IT Support,Bachelor's,Single,2,2.8,8.5,56300.0,2.5,2.7,3.6,5,3.5,No,No,1-3 Years,Q2,Good,0
EMP11915,28,Female,IT,IT Manager,Bachelor's,Married,1,2.4,4.0,49000.0,3.3,3.2,4.4,4,4.4,No,No,1-3 Years,Q1,Excellent,0
EMP11916,24,Female,Marketing,Marketing Specialist,Bachelor's,Married,2,2.6,5.4,67900.0,3.3,2.5,2.3,11,2.1,No,No,1-3 Years,Q2,Average,0
EMP11917,41,Female,IT,IT Manager,Bachelor's,Divorced,1,6.6,5.3,58800.0,1.5,3.4,3.4,4,1.3,Yes,No,5-10 Years,Q2,Good,0
EMP11918,36,Female,Sales,Sales Representative,Bachelor's,Divorced,1,0.9,3.8,44200.0,2.1,3.4,2.9,3,9.4,Yes,No,<1 Year,Q1,Average,0
EMP11919,25,Male,Sales,Sales Manager,Bachelor's,Divorced,2,2.2,6.7,55600.0,4.0,3.1,3.1,3,21.7,No,No,1-3 Years,Q2,Good,0
EMP11920,29,Male,Research & Development,R&D Manager,Master's,Single,1,0.6,6.1,42000.0,3.1,1.0,4.5,3,14.5,No,No,<1 Year,Q1,Excellent,0
EMP11921,30,Female,Sales,Sales Executive,PhD,Single,3,0.6,5.0,70300.0,3.7,3.9,2.5,2,2.0,Yes,No,<1 Year,Q3,Average,0
EMP11922,39,Female,Sales,Sales Manager,Bachelor's,Married,2,2.9,7.9,77900.0,3.7,2.3,2.8,2,21.1,No,Yes,1-3 Years,Q3,Average,1
EMP11923,39,Female,Sales,Sales Manager,Bachelor's,Divorced,5,8.0,10.5,110800.0,3.3,1.6,4.4,4,6.6,No,No,5-10 Years,Q4,Excellent,0
EMP11924,27,Female,Research & Development,R&D Manager,Bachelor's,Single,3,4.3,5.5,84800.0,2.0,3.2,2.5,3,16.7,No,No,3-5 Years,Q3,Average,0
EMP11925,34,Female,Research & Development,Laboratory Technician,High School,Single,4,8.7,7.5,96400.0,3.5,1.9,3.5,6,7.0,No,No,5-10 Years,Q4,Good,0
EMP11926,44,Male,Human Resources,Recruiter,Master's,Single,3,3.5,3.8,75800.0,3.8,3.2,3.4,2,12.4,Yes,No,3-5 Years,Q3,Good,0
EMP11927,30,Male,Finance,Accountant,Bachelor's,Married,3,3.9,4.1,83100.0,1.0,3.1,2.6,6,6.9,No,No,3-5 Years,Q3,Average,0
EMP11928,29,Male,IT,Systems Analyst,Master's,Single,1,1.2,3.6,37100.0,4.8,1.6,3.6,4,8.3,No,No,1-3 Years,Q1,Good,0
EMP11929,45,Female,Finance,Accountant,Bachelor's,Married,4,4.2,7.8,104700.0,3.6,2.3,3.9,4,10.0,No,No,3-5 Years,Q4,Good,0
EMP11930,26,Male,Finance,Financial Analyst,Master's,Married,1,1.6,3.7,44500.0,4.2,1.0,3.1,7,23.4,No,No,1-3 Years,Q1,Good,0
EMP11931,28,Male,Finance,Financial Analyst,Bachelor's,Married,2,1.8,3.6,67600.0,3.6,3.5,3.3,2,11.3,No,No,1-3 Years,Q2,Good,0
EMP11932,32,Male,Marketing,Marketing Analyst,Master's,Single,1,3.4,4.9,44600.0,1.1,3.4,3.7,1,7.7,No,No,3-5 Years,Q1,Good,0
EMP11933,32,Female,IT,Software Engineer,Master's,Single,3,5.8,8.4,83100.0,4.0,2.1,3.3,3,5.7,No,No,5-10 Years,Q3,Good,0
EMP11934,42,Male,Sales,Sales Executive,Bachelor's,Married,1,1.1,5.0,36100.0,2.9,2.8,3.5,5,18.6,No,No,1-3 Years,Q1,Good,0
EMP11935,35,Male,Research & Development,Laboratory Technician,Master's,Married,2,4.0,6.3,50300.0,3.5,3.9,1.3,0,6.4,No,No,3-5 Years,Q1,Low,0
EMP11936,38,Female,Research & Development,Laboratory Technician,Master's,Single,2,3.0,2.8,68000.0,4.0,2.1,2.1,5,18.5,No,No,1-3 Years,Q2,Average,0
EMP11937,20,Male,IT,Systems Analyst,Bachelor's,Married,2,3.0,4.1,51900.0,3.8,1.6,3.8,2,6.0,No,No,1-3 Years,Q1,Good,0
EMP11938,46,Female,Finance,Finance Manager,Master's,Single,2,5.1,8.7,69600.0,1.9,4.0,2.4,1,7.1,No,No,5-10 Years,Q3,Average,0
EMP11939,25,Male,Marketing,Marketing Analyst,High School,Married,2,0.2,1.0,64800.0,3.1,1.9,2.9,5,10.5,No,No,<1 Year,Q2,Average,0
EMP11940,31,Female,Marketing,Marketing Manager,Master's,Married,3,7.0,8.8,93100.0,2.8,3.2,3.3,0,28.3,No,No,5-10 Years,Q4,Good,0
EMP11941,37,Male,Sales,Sales Manager,Bachelor's,Married,2,2.8,1.9,72600.0,1.9,1.7,4.0,2,7.4,No,Yes,1-3 Years,Q3,Good,1
EMP11942,33,Female,Sales,Sales Manager,Master's,Divorced,3,5.7,4.4,79600.0,4.5,3.9,3.4,1,7.7,No,No,5-10 Years,Q3,Good,0
EMP11943,22,Male,Finance,Finance Manager,High School,Married,1,1.4,8.9,36100.0,2.9,3.0,2.4,4,6.4,No,No,1-3 Years,Q1,Average,0
EMP11944,33,Male,Research & Development,Laboratory Technician,PhD,Married,3,7.5,9.7,91400.0,2.7,2.0,3.5,2,22.6,Yes,Yes,5-10 Years,Q4,Good,1
EMP11945,30,Female,IT,IT Manager,Bachelor's,Single,5,14.8,16.8,121900.0,3.6,3.4,2.8,6,8.4,No,No,10+ Years,Q4,Average,0
EMP11946,40,Male,Human Resources,HR Specialist,Master's,Married,4,5.3,10.2,98500.0,1.5,3.1,2.1,3,14.9,No,No,5-10 Years,Q4,Average,0
EMP11947,43,Female,IT,IT Support,Bachelor's,Single,4,9.4,13.6,101800.0,2.5,2.2,2.7,5,12.7,Yes,Yes,5-10 Years,Q4,Average,1
EMP11948,42,Female,Sales,Sales Representative,Bachelor's,Married,5,9.3,12.4,123900.0,3.3,3.0,4.1,4,4.8,Yes,No,5-10 Years,Q4,Excellent,0
EMP11949,36,Female,IT,Software Engineer,PhD,Single,3,3.1,5.9,78300.0,4.8,3.0,3.4,3,2.4,Yes,No,3-5 Years,Q3,Good,0
EMP11950,50,Female,Finance,Financial Analyst,Master's,Married,4,7.8,11.1,96100.0,4.3,4.6,4.2,1,8.5,Yes,No,5-10 Years,Q4,Excellent,0
EMP11951,33,Male,Marketing,Marketing Specialist,Master's,Married,1,0.9,1.8,37900.0,3.3,2.9,3.2,4,5.7,No,No,<1 Year,Q1,Good,0
EMP11952,26,Female,Marketing,Marketing Specialist,Master's,Single,2,2.4,6.9,57800.0,2.1,3.0,2.8,1,4.3,Yes,Yes,1-3 Years,Q2,Average,1
EMP11953,47,Male,Research & Development,Research Scientist,Bachelor's,Married,1,1.7,6.5,43100.0,2.5,3.6,4.7,2,12.9,No,No,1-3 Years,Q1,Excellent,0
EMP11954,46,Male,Human Resources,HR Manager,Bachelor's,Single,2,5.9,10.2,68800.0,3.2,2.0,2.4,0,15.1,No,No,5-10 Years,Q2,Average,0
EMP11955,43,Male,Research & Development,Research Scientist,Bachelor's,Divorced,2,6.3,8.7,65800.0,3.1,2.7,2.6,4,4.5,No,Yes,5-10 Years,Q2,Average,1
EMP11956,28,Male,Research & Development,Research Scientist,Master's,Single,3,6.2,6.4,80200.0,2.7,1.0,3.2,2,27.5,No,No,5-10 Years,Q3,Good,0
EMP11957,44,Male,Marketing,Marketing Manager,Master's,Married,3,1.1,6.3,76900.0,1.0,2.2,4.4,5,13.0,Yes,Yes,1-3 Years,Q3,Excellent,1
EMP11958,34,Female,Human Resources,HR Manager,Master's,Married,2,3.1,2.9,55400.0,2.4,3.7,2.3,2,2.7,No,No,3-5 Years,Q2,Average,0
EMP11959,39,Male,Human Resources,Recruiter,Bachelor's,Divorced,2,2.7,8.7,54400.0,4.3,3.2,3.4,3,17.8,No,Yes,1-3 Years,Q1,Good,1
EMP11960,27,Female,Finance,Financial Analyst,Bachelor's,Married,3,6.8,8.8,94100.0,3.8,4.0,2.5,6,7.7,No,No,5-10 Years,Q4,Average,0
EMP11961,39,Female,Human Resources,HR Specialist,Bachelor's,Single,3,7.0,7.4,80100.0,3.7,3.0,4.5,0,5.1,No,No,5-10 Years,Q3,Excellent,0
EMP11962,33,Male,Research & Development,Laboratory Technician,Master's,Married,1,2.0,6.3,45200.0,4.2,4.0,3.2,1,8.4,No,No,1-3 Years,Q1,Good,0
EMP11963,32,Female,Finance,Finance Manager,PhD,Single,3,5.1,3.9,81100.0,3.0,2.7,3.1,2,11.2,Yes,No,5-10 Years,Q3,Good,0
EMP11964,47,Male,Human Resources,HR Specialist,Bachelor's,Single,1,2.7,6.9,38900.0,3.5,3.6,1.7,3,13.5,Yes,No,1-3 Years,Q1,Low,0
EMP11965,23,Female,Marketing,Marketing Manager,Bachelor's,Single,1,1.9,6.1,46300.0,2.6,2.6,3.6,1,7.1,No,Yes,1-3 Years,Q1,Good,1
EMP11966,20,Female,Sales,Sales Manager,Bachelor's,Married,3,3.8,4.5,85400.0,3.9,4.4,2.1,2,15.8,Yes,No,3-5 Years,Q3,Average,0
EMP11967,39,Male,Research & Development,Laboratory Technician,Master's,Married,4,3.0,4.2,90500.0,3.0,3.2,3.3,3,5.6,No,No,1-3 Years,Q4,Good,0
EMP11968,41,Male,Marketing,Marketing Analyst,Master's,Married,3,6.7,10.0,80400.0,2.8,3.6,4.4,4,4.5,No,Yes,5-10 Years,Q3,Excellent,1
EMP11969,36,Female,Research & Development,R&D Manager,Bachelor's,Married,1,1.9,7.4,45600.0,4.0,4.2,2.9,6,32.8,Yes,Yes,1-3 Years,Q1,Average,1
EMP11970,35,Male,IT,Software Engineer,Master's,Married,3,5.4,6.4,81900.0,4.6,3.3,4.3,3,10.0,No,No,5-10 Years,Q3,Excellent,0
EMP11971,36,Female,Research & Development,Laboratory Technician,Master's,Single,4,8.2,12.6,100800.0,3.8,4.3,4.7,3,6.7,No,No,5-10 Years,Q4,Excellent,0
EMP11972,52,Male,Human Resources,HR Manager,Master's,Single,2,6.8,10.2,71800.0,4.2,4.3,3.3,6,13.1,No,No,5-10 Years,Q3,Good,0
EMP11973,42,Male,Sales,Sales Manager,Bachelor's,Married,1,1.7,2.7,37100.0,3.3,3.5,2.8,0,13.5,Yes,No,1-3 Years,Q1,Average,0
EMP11974,33,Male,Research & Development,Laboratory Technician,Master's,Single,3,2.7,4.6,76900.0,2.5,2.6,4.0,1,6.4,No,No,1-3 Years,Q3,Good,0
EMP11975,30,Male,Sales,Sales Executive,Bachelor's,Married,2,3.4,7.2,51500.0,3.4,3.4,3.7,2,8.7,Yes,Yes,3-5 Years,Q1,Good,1
EMP11976,40,Female,IT,Software Engineer,Bachelor's,Married,1,0.9,3.0,45200.0,4.1,2.4,3.2,3,5.3,No,No,<1 Year,Q1,Good,0
EMP11977,32,Female,Sales,Sales Representative,Master's,Married,1,1.5,3.3,39500.0,1.8,2.6,3.4,1,2.5,No,No,1-3 Years,Q1,Good,0
EMP11978,34,Male,Research & Development,Laboratory Technician,Master's,Single,2,3.1,6.0,61200.0,3.1,2.5,4.0,1,11.3,Yes,Yes,3-5 Years,Q2,Good,1
EMP11979,34,Male,Sales,Sales Executive,Bachelor's,Single,2,1.2,3.9,58100.0,1.3,3.3,2.9,3,3.9,Yes,No,1-3 Years,Q2,Average,0
EMP11980,45,Female,Research & Development,R&D Manager,Bachelor's,Married,5,7.7,7.3,125900.0,3.5,4.7,3.7,2,5.9,No,No,5-10 Years,Q4,Good,0
EMP11981,36,Female,Human Resources,Recruiter,Bachelor's,Single,4,4.8,9.1,94000.0,1.5,4.1,2.8,2,7.5,No,No,3-5 Years,Q4,Average,0
EMP11982,24,Male,Human Resources,HR Manager,High School,Married,3,3.4,6.1,81800.0,3.4,4.1,2.7,2,20.9,Yes,No,3-5 Years,Q3,Average,0
EMP11983,47,Male,Research & Development,Research Scientist,PhD,Married,3,3.9,5.5,83700.0,3.2,3.1,4.4,4,7.5,No,No,3-5 Years,Q3,Excellent,0
EMP11984,28,Male,IT,IT Support,High School,Married,3,7.2,11.4,85500.0,4.0,3.9,3.1,3,8.6,No,No,5-10 Years,Q3,Good,0
EMP11985,38,Male,IT,IT Support,Master's,Single,3,7.4,9.8,92700.0,2.2,4.0,2.6,3,1.4,Yes,No,5-10 Years,Q4,Average,0
EMP11986,44,Male,Research & Development,Research Scientist,PhD,Married,5,10.7,13.2,119800.0,2.7,3.8,4.2,1,4.9,No,No,10+ Years,Q4,Excellent,0
EMP11987,33,Female,Finance,Accountant,High School,Divorced,1,1.7,5.4,36300.0,3.6,2.0,4.4,5,4.3,No,No,1-3 Years,Q1,Excellent,0
EMP11988,37,Male,IT,Systems Analyst,Bachelor's,Married,2,7.0,8.3,73200.0,2.8,3.9,2.6,5,8.4,No,No,5-10 Years,Q3,Average,0
EMP11989,49,Male,Sales,Sales Executive,High School,Married,3,2.5,6.2,78300.0,3.1,3.0,2.8,0,13.3,No,Yes,1-3 Years,Q3,Average,1
EMP11990,24,Male,Research & Development,R&D Manager,Master's,Married,2,2.4,5.3,62400.0,4.5,3.0,3.3,5,3.5,No,No,1-3 Years,Q2,Good,0
EMP11991,36,Female,Finance,Financial Analyst,Master's,Divorced,2,3.9,10.3,68100.0,2.5,3.4,2.0,0,6.3,Yes,No,3-5 Years,Q2,Low,0
EMP11992,49,Male,IT,IT Support,Bachelor's,Married,5,8.5,12.8,112800.0,3.0,3.2,3.9,3,7.1,No,No,5-10 Years,Q4,Good,0
EMP11993,39,Male,Research & Development,Research Scientist,Bachelor's,Married,2,4.8,8.0,76000.0,2.7,1.4,2.6,2,1.8,No,No,3-5 Years,Q3,Average,0
EMP11994,36,Male,Research & Development,R&D Manager,Bachelor's,Single,3,6.5,10.3,93300.0,4.8,3.5,2.7,3,12.7,Yes,No,5-10 Years,Q4,Average,0
EMP11995,30,Male,Research & Development,Research Scientist,Bachelor's,Divorced,2,2.2,7.9,56100.0,4.5,3.0,4.6,5,1.0,No,No,1-3 Years,Q2,Excellent,0
EMP11996,29,Male,Research & Development,Laboratory Technician,Bachelor's,Single,4,9.7,14.5,100700.0,2.7,3.4,3.3,3,5.9,No,No,5-10 Years,Q4,Good,0
EMP11997,32,Male,Marketing,Marketing Manager,PhD,Married,2,3.4,3.4,60500.0,4.4,2.2,2.6,0,11.0,No,No,3-5 Years,Q2,Average,0
EMP11998,40,Female,Research & Development,R&D Manager,Bachelor's,Married,3,2.4,7.3,83400.0,1.1,2.6,3.7,4,9.0,No,No,1-3 Years,Q3,Good,0
EMP11999,38,Male,Research & Development,Laboratory Technician,Bachelor's,Divorced,4,7.4,11.2,96100.0,3.3,3.3,2.8,3,7.4,No,No,5-10 Years,Q4,Average,0
EMP12000,35,Male,Human Resources,HR Specialist,Bachelor's,Single,1,4.1,9.8,33700.0,4.1,1.7,3.3,5,10.4,No,No,3-5 Years,Q1,Good,0
